Stock File,Total Rows,Duplicate Pairs,Row1,Row2,Date,Action,Qty,Price1,Price2,Cost1,Cost2,Exch1,Exch2
ABB India Ltd.xlsx,36,3,24,25,2025-09-24 00:00:00,Buy,1,5316.6,5316.7,5354.25,5354.39,NSE,NSE
ABB India Ltd.xlsx,36,3,36,37,2025-02-20 00:00:00,Buy,1,5226.61,5226.67,5226.61,5226.67,NSE,NSE
ABB India Ltd.xlsx,36,3,39,40,2025-02-11 00:00:00,Buy,1,5524.45,5524.45,5524.45,5524.45,NSE,NSE
Afcons Infrastructure Ltd.xlsx,57,9,8,12,2026-01-12 00:00:00,Buy,1,356.85,356.85,359.37,359.37,NSE,NSE
Afcons Infrastructure Ltd.xlsx,57,9,10,11,2026-01-12 00:00:00,Buy,2,356.85,356.85,718.74,718.74,NSE,NSE
Afcons Infrastructure Ltd.xlsx,57,9,39,45,2025-10-29 00:00:00,Buy,10,454.75,457.96,4579.65,,NSE,BSE
Afcons Infrastructure Ltd.xlsx,57,9,40,46,2025-10-27 00:00:00,Buy,10,440.65,443.77,4437.7,,NSE,BSE
Afcons Infrastructure Ltd.xlsx,57,9,41,48,2025-10-24 00:00:00,Buy,7,444.2,447.35,3131.46,,BSE,BSE
Afcons Infrastructure Ltd.xlsx,57,9,42,47,2025-10-24 00:00:00,Buy,3,444.25,447.4,1342.19,,BSE,BSE
Afcons Infrastructure Ltd.xlsx,57,9,43,49,2025-10-20 00:00:00,Buy,10,444.2,447.35,4473.53,,BSE,BSE
Afcons Infrastructure Ltd.xlsx,57,9,44,50,2025-10-17 00:00:00,Buy,13,451.95,455.15,5917,,NSE,BSE
Afcons Infrastructure Ltd.xlsx,57,9,57,58,2025-07-04 00:00:00,Buy,2,435.81,435.81,871.62,871.62,NSE,NSE
Antony Waste Handling Cell Ltd.xlsx,100,24,8,9,2025-12-08 00:00:00,Buy,8,426.5,426.4,3436.31,3435.51,NSE,NSE
Antony Waste Handling Cell Ltd.xlsx,100,24,33,46,2025-10-29 00:00:00,Buy,10,528.3,532.04,5320.41,,NSE,BSE
Antony Waste Handling Cell Ltd.xlsx,100,24,34,47,2025-10-27 00:00:00,Buy,9,526.85,530.58,4775.2,,NSE,BSE
Antony Waste Handling Cell Ltd.xlsx,100,24,35,48,2025-10-27 00:00:00,Buy,1,526.9,530.64,530.64,,NSE,BSE
Antony Waste Handling Cell Ltd.xlsx,100,24,36,50,2025-10-24 00:00:00,Buy,1,523.05,526.77,526.77,,NSE,BSE
Antony Waste Handling Cell Ltd.xlsx,100,24,37,49,2025-10-24 00:00:00,Buy,9,523,526.71,4740.39,,NSE,BSE
Antony Waste Handling Cell Ltd.xlsx,100,24,38,51,2025-10-20 00:00:00,Buy,10,518.55,522.22,5222.22,,NSE,BSE
Antony Waste Handling Cell Ltd.xlsx,100,24,39,40,2025-10-17 00:00:00,Buy,1,516.7,516.9,520.36,520.56,BSE,BSE
Antony Waste Handling Cell Ltd.xlsx,100,24,42,53,2025-10-03 00:00:00,Buy,1,549.45,553.36,553.36,,BSE,BSE
Antony Waste Handling Cell Ltd.xlsx,100,24,43,54,2025-10-03 00:00:00,Buy,9,549.6,553.51,4981.63,,BSE,BSE
Antony Waste Handling Cell Ltd.xlsx,100,24,44,55,2025-09-24 00:00:00,Buy,10,581.65,585.77,5857.74,,NSE,BSE
Antony Waste Handling Cell Ltd.xlsx,100,24,45,56,2025-09-03 00:00:00,Buy,10,578.5,582.6,5826.04,5826.04,BSE,BSE
Antony Waste Handling Cell Ltd.xlsx,100,24,57,58,2025-06-12 00:00:00,Buy,5,643.68,643.63,3218.42,3218.17,NSE,NSE
Antony Waste Handling Cell Ltd.xlsx,100,24,59,61,2025-06-03 00:00:00,Buy,2,616.63,616.53,1233.26,1233.06,NSE,NSE
Antony Waste Handling Cell Ltd.xlsx,100,24,60,62,2025-06-03 00:00:00,Buy,1,616.54,616.54,616.54,616.54,NSE,NSE
Antony Waste Handling Cell Ltd.xlsx,100,24,71,73,2025-02-17 00:00:00,Buy,3,559.94,559.94,1679.81,1679.81,NSE,NSE
Antony Waste Handling Cell Ltd.xlsx,100,24,74,77,2025-02-06 00:00:00,Buy,1,631.89,631.89,631.89,631.89,NSE,NSE
Antony Waste Handling Cell Ltd.xlsx,100,24,74,78,2025-02-06 00:00:00,Buy,1,631.89,631.79,631.89,631.79,NSE,NSE
Antony Waste Handling Cell Ltd.xlsx,100,24,77,78,2025-02-06 00:00:00,Buy,1,631.89,631.79,631.89,631.79,NSE,NSE
Antony Waste Handling Cell Ltd.xlsx,100,24,89,90,2023-09-14 00:00:00,Buy,1,326.2,326.25,326.2,326.25,NSE,NSE
Antony Waste Handling Cell Ltd.xlsx,100,24,92,93,2023-09-12 00:00:00,Buy,1,318.94,318.94,318.94,318.94,NSE,NSE
Antony Waste Handling Cell Ltd.xlsx,100,24,94,96,2023-09-11 00:00:00,Buy,1,335.81,335.76,335.81,335.76,NSE,NSE
Antony Waste Handling Cell Ltd.xlsx,100,24,100,103,2023-02-24 00:00:00,Buy,1,260.34,260.29,260.34,260.29,NSE,NSE
Antony Waste Handling Cell Ltd.xlsx,100,24,101,102,2023-02-24 00:00:00,Buy,9,260.23,260.33,2342.08,2342.98,NSE,NSE
Apollo Hospitals Enterprise Ltd.xlsx,17,0
Apollo Tyres Ltd.xlsx,32,0
Archive_Indian Railway Ctrng nd Trsm Corp Ltd.xlsx,89,53,5,10,2025-03-06 00:00:00,Buy,2.0,222.24,222.25,444.48,444.5,NSE,NSE
Archive_Indian Railway Ctrng nd Trsm Corp Ltd.xlsx,89,53,6,7,2025-03-06 00:00:00,Buy,1.0,222.27,222.26,222.27,222.26,NSE,NSE
Archive_Indian Railway Ctrng nd Trsm Corp Ltd.xlsx,89,53,6,9,2025-03-06 00:00:00,Buy,1.0,222.27,222.33,222.27,222.33,NSE,NSE
Archive_Indian Railway Ctrng nd Trsm Corp Ltd.xlsx,89,53,6,12,2025-03-06 00:00:00,Buy,1.0,222.27,222.25,222.27,222.25,NSE,NSE
Archive_Indian Railway Ctrng nd Trsm Corp Ltd.xlsx,89,53,6,13,2025-03-06 00:00:00,Buy,1.0,222.27,222.3,222.27,222.3,NSE,NSE
Archive_Indian Railway Ctrng nd Trsm Corp Ltd.xlsx,89,53,6,15,2025-03-06 00:00:00,Buy,1.0,222.27,222.29,222.27,222.29,NSE,NSE
Archive_Indian Railway Ctrng nd Trsm Corp Ltd.xlsx,89,53,6,16,2025-03-06 00:00:00,Buy,1.0,222.27,222.29,222.27,222.29,NSE,NSE
Archive_Indian Railway Ctrng nd Trsm Corp Ltd.xlsx,89,53,6,17,2025-03-06 00:00:00,Buy,1.0,222.27,222.29,222.27,222.29,NSE,NSE
Archive_Indian Railway Ctrng nd Trsm Corp Ltd.xlsx,89,53,6,18,2025-03-06 00:00:00,Buy,1.0,222.27,222.29,222.27,222.29,NSE,NSE
Archive_Indian Railway Ctrng nd Trsm Corp Ltd.xlsx,89,53,6,19,2025-03-06 00:00:00,Buy,1.0,222.27,222.34,222.27,222.34,NSE,NSE
Archive_Indian Railway Ctrng nd Trsm Corp Ltd.xlsx,89,53,7,9,2025-03-06 00:00:00,Buy,1.0,222.26,222.33,222.26,222.33,NSE,NSE
Archive_Indian Railway Ctrng nd Trsm Corp Ltd.xlsx,89,53,7,12,2025-03-06 00:00:00,Buy,1.0,222.26,222.25,222.26,222.25,NSE,NSE
Archive_Indian Railway Ctrng nd Trsm Corp Ltd.xlsx,89,53,7,13,2025-03-06 00:00:00,Buy,1.0,222.26,222.3,222.26,222.3,NSE,NSE
Archive_Indian Railway Ctrng nd Trsm Corp Ltd.xlsx,89,53,7,15,2025-03-06 00:00:00,Buy,1.0,222.26,222.29,222.26,222.29,NSE,NSE
Archive_Indian Railway Ctrng nd Trsm Corp Ltd.xlsx,89,53,7,16,2025-03-06 00:00:00,Buy,1.0,222.26,222.29,222.26,222.29,NSE,NSE
Archive_Indian Railway Ctrng nd Trsm Corp Ltd.xlsx,89,53,7,17,2025-03-06 00:00:00,Buy,1.0,222.26,222.29,222.26,222.29,NSE,NSE
Archive_Indian Railway Ctrng nd Trsm Corp Ltd.xlsx,89,53,7,18,2025-03-06 00:00:00,Buy,1.0,222.26,222.29,222.26,222.29,NSE,NSE
Archive_Indian Railway Ctrng nd Trsm Corp Ltd.xlsx,89,53,7,19,2025-03-06 00:00:00,Buy,1.0,222.26,222.34,222.26,222.34,NSE,NSE
Archive_Indian Railway Ctrng nd Trsm Corp Ltd.xlsx,89,53,8,11,2025-03-06 00:00:00,Buy,8.0,222.29,222.33,1778.3,1778.62,NSE,NSE
Archive_Indian Railway Ctrng nd Trsm Corp Ltd.xlsx,89,53,9,12,2025-03-06 00:00:00,Buy,1.0,222.33,222.25,222.33,222.25,NSE,NSE
Archive_Indian Railway Ctrng nd Trsm Corp Ltd.xlsx,89,53,9,13,2025-03-06 00:00:00,Buy,1.0,222.33,222.3,222.33,222.3,NSE,NSE
Archive_Indian Railway Ctrng nd Trsm Corp Ltd.xlsx,89,53,9,15,2025-03-06 00:00:00,Buy,1.0,222.33,222.29,222.33,222.29,NSE,NSE
Archive_Indian Railway Ctrng nd Trsm Corp Ltd.xlsx,89,53,9,16,2025-03-06 00:00:00,Buy,1.0,222.33,222.29,222.33,222.29,NSE,NSE
Archive_Indian Railway Ctrng nd Trsm Corp Ltd.xlsx,89,53,9,17,2025-03-06 00:00:00,Buy,1.0,222.33,222.29,222.33,222.29,NSE,NSE
Archive_Indian Railway Ctrng nd Trsm Corp Ltd.xlsx,89,53,9,18,2025-03-06 00:00:00,Buy,1.0,222.33,222.29,222.33,222.29,NSE,NSE
Archive_Indian Railway Ctrng nd Trsm Corp Ltd.xlsx,89,53,9,19,2025-03-06 00:00:00,Buy,1.0,222.33,222.34,222.33,222.34,NSE,NSE
Archive_Indian Railway Ctrng nd Trsm Corp Ltd.xlsx,89,53,12,13,2025-03-06 00:00:00,Buy,1.0,222.25,222.3,222.25,222.3,NSE,NSE
Archive_Indian Railway Ctrng nd Trsm Corp Ltd.xlsx,89,53,12,15,2025-03-06 00:00:00,Buy,1.0,222.25,222.29,222.25,222.29,NSE,NSE
Archive_Indian Railway Ctrng nd Trsm Corp Ltd.xlsx,89,53,12,16,2025-03-06 00:00:00,Buy,1.0,222.25,222.29,222.25,222.29,NSE,NSE
Archive_Indian Railway Ctrng nd Trsm Corp Ltd.xlsx,89,53,12,17,2025-03-06 00:00:00,Buy,1.0,222.25,222.29,222.25,222.29,NSE,NSE
Archive_Indian Railway Ctrng nd Trsm Corp Ltd.xlsx,89,53,12,18,2025-03-06 00:00:00,Buy,1.0,222.25,222.29,222.25,222.29,NSE,NSE
Archive_Indian Railway Ctrng nd Trsm Corp Ltd.xlsx,89,53,12,19,2025-03-06 00:00:00,Buy,1.0,222.25,222.34,222.25,222.34,NSE,NSE
Archive_Indian Railway Ctrng nd Trsm Corp Ltd.xlsx,89,53,13,15,2025-03-06 00:00:00,Buy,1.0,222.3,222.29,222.3,222.29,NSE,NSE
Archive_Indian Railway Ctrng nd Trsm Corp Ltd.xlsx,89,53,13,16,2025-03-06 00:00:00,Buy,1.0,222.3,222.29,222.3,222.29,NSE,NSE
Archive_Indian Railway Ctrng nd Trsm Corp Ltd.xlsx,89,53,13,17,2025-03-06 00:00:00,Buy,1.0,222.3,222.29,222.3,222.29,NSE,NSE
Archive_Indian Railway Ctrng nd Trsm Corp Ltd.xlsx,89,53,13,18,2025-03-06 00:00:00,Buy,1.0,222.3,222.29,222.3,222.29,NSE,NSE
Archive_Indian Railway Ctrng nd Trsm Corp Ltd.xlsx,89,53,13,19,2025-03-06 00:00:00,Buy,1.0,222.3,222.34,222.3,222.34,NSE,NSE
Archive_Indian Railway Ctrng nd Trsm Corp Ltd.xlsx,89,53,15,16,2025-03-06 00:00:00,Buy,1.0,222.29,222.29,222.29,222.29,NSE,NSE
Archive_Indian Railway Ctrng nd Trsm Corp Ltd.xlsx,89,53,15,17,2025-03-06 00:00:00,Buy,1.0,222.29,222.29,222.29,222.29,NSE,NSE
Archive_Indian Railway Ctrng nd Trsm Corp Ltd.xlsx,89,53,15,18,2025-03-06 00:00:00,Buy,1.0,222.29,222.29,222.29,222.29,NSE,NSE
Archive_Indian Railway Ctrng nd Trsm Corp Ltd.xlsx,89,53,15,19,2025-03-06 00:00:00,Buy,1.0,222.29,222.34,222.29,222.34,NSE,NSE
Archive_Indian Railway Ctrng nd Trsm Corp Ltd.xlsx,89,53,16,17,2025-03-06 00:00:00,Buy,1.0,222.29,222.29,222.29,222.29,NSE,NSE
Archive_Indian Railway Ctrng nd Trsm Corp Ltd.xlsx,89,53,16,18,2025-03-06 00:00:00,Buy,1.0,222.29,222.29,222.29,222.29,NSE,NSE
Archive_Indian Railway Ctrng nd Trsm Corp Ltd.xlsx,89,53,16,19,2025-03-06 00:00:00,Buy,1.0,222.29,222.34,222.29,222.34,NSE,NSE
Archive_Indian Railway Ctrng nd Trsm Corp Ltd.xlsx,89,53,17,18,2025-03-06 00:00:00,Buy,1.0,222.29,222.29,222.29,222.29,NSE,NSE
Archive_Indian Railway Ctrng nd Trsm Corp Ltd.xlsx,89,53,17,19,2025-03-06 00:00:00,Buy,1.0,222.29,222.34,222.29,222.34,NSE,NSE
Archive_Indian Railway Ctrng nd Trsm Corp Ltd.xlsx,89,53,18,19,2025-03-06 00:00:00,Buy,1.0,222.29,222.34,222.29,222.34,NSE,NSE
Archive_Indian Railway Ctrng nd Trsm Corp Ltd.xlsx,89,53,27,29,2025-02-11 00:00:00,Buy,2.0,230.28,230.34,460.56,460.68,NSE,NSE
Archive_Indian Railway Ctrng nd Trsm Corp Ltd.xlsx,89,53,39,41,2024-03-01 00:00:00,Buy,2.0,250.46,250.46,500.91,500.91,NSE,NSE
Archive_Indian Railway Ctrng nd Trsm Corp Ltd.xlsx,89,53,40,44,2024-03-01 00:00:00,Buy,20.0,250.36,250.36,5007.19,5007.19,NSE,NSE
Archive_Indian Railway Ctrng nd Trsm Corp Ltd.xlsx,89,53,42,43,2024-03-01 00:00:00,Buy,3.0,250.41,250.36,751.22,751.07,NSE,NSE
Archive_Indian Railway Ctrng nd Trsm Corp Ltd.xlsx,89,53,59,60,2022-11-25 00:00:00,Buy,2.0,241.7,241.65,483.4,483.3,NSE,NSE
Archive_Indian Railway Ctrng nd Trsm Corp Ltd.xlsx,89,53,67,69,2022-05-11 00:00:00,Buy,6.0,204.89,204.84,1229.35,1229.05,NSE,NSE
Ashok Leyland Ltd.xlsx,96,29,6,7,2025-10-17 00:00:00,Buy,50,136.5,137.47,6873.28,,BSE,NSE
Ashok Leyland Ltd.xlsx,96,29,16,31,2024-09-30 00:00:00,Sell,25,237.88,237.88,5947.1,5947.1,NSE,NSE
Ashok Leyland Ltd.xlsx,96,29,17,32,2024-09-30 00:00:00,Sell,4,237.89,237.89,951.55,951.55,NSE,NSE
Ashok Leyland Ltd.xlsx,96,29,18,27,2024-09-30 00:00:00,Sell,2,237.88,237.88,475.76,475.76,NSE,NSE
Ashok Leyland Ltd.xlsx,96,29,18,33,2024-09-30 00:00:00,Sell,2,237.88,237.88,475.76,475.76,NSE,NSE
Ashok Leyland Ltd.xlsx,96,29,18,35,2024-09-30 00:00:00,Sell,2,237.88,237.88,475.76,475.76,NSE,NSE
Ashok Leyland Ltd.xlsx,96,29,18,38,2024-09-30 00:00:00,Sell,2,237.88,237.88,475.76,475.76,NSE,NSE
Ashok Leyland Ltd.xlsx,96,29,19,21,2024-09-30 00:00:00,Sell,1,237.88,237.88,237.88,237.88,NSE,NSE
Ashok Leyland Ltd.xlsx,96,29,19,24,2024-09-30 00:00:00,Sell,1,237.88,237.88,237.88,237.88,NSE,NSE
Ashok Leyland Ltd.xlsx,96,29,19,26,2024-09-30 00:00:00,Sell,1,237.88,237.88,237.88,237.88,NSE,NSE
Ashok Leyland Ltd.xlsx,96,29,19,37,2024-09-30 00:00:00,Sell,1,237.88,237.88,237.88,237.88,NSE,NSE
Ashok Leyland Ltd.xlsx,96,29,21,24,2024-09-30 00:00:00,Sell,1,237.88,237.88,237.88,237.88,NSE,NSE
Ashok Leyland Ltd.xlsx,96,29,21,26,2024-09-30 00:00:00,Sell,1,237.88,237.88,237.88,237.88,NSE,NSE
Ashok Leyland Ltd.xlsx,96,29,21,37,2024-09-30 00:00:00,Sell,1,237.88,237.88,237.88,237.88,NSE,NSE
Ashok Leyland Ltd.xlsx,96,29,22,23,2024-09-30 00:00:00,Sell,5,237.89,237.89,1189.43,1189.43,NSE,NSE
Ashok Leyland Ltd.xlsx,96,29,22,29,2024-09-30 00:00:00,Sell,5,237.89,237.89,1189.43,1189.43,NSE,NSE
Ashok Leyland Ltd.xlsx,96,29,23,29,2024-09-30 00:00:00,Sell,5,237.89,237.89,1189.43,1189.43,NSE,NSE
Ashok Leyland Ltd.xlsx,96,29,24,26,2024-09-30 00:00:00,Sell,1,237.88,237.88,237.88,237.88,NSE,NSE
Ashok Leyland Ltd.xlsx,96,29,24,37,2024-09-30 00:00:00,Sell,1,237.88,237.88,237.88,237.88,NSE,NSE
Ashok Leyland Ltd.xlsx,96,29,26,37,2024-09-30 00:00:00,Sell,1,237.88,237.88,237.88,237.88,NSE,NSE
Ashok Leyland Ltd.xlsx,96,29,27,33,2024-09-30 00:00:00,Sell,2,237.88,237.88,475.76,475.76,NSE,NSE
Ashok Leyland Ltd.xlsx,96,29,27,35,2024-09-30 00:00:00,Sell,2,237.88,237.88,475.76,475.76,NSE,NSE
Ashok Leyland Ltd.xlsx,96,29,27,38,2024-09-30 00:00:00,Sell,2,237.88,237.88,475.76,475.76,NSE,NSE
Ashok Leyland Ltd.xlsx,96,29,33,35,2024-09-30 00:00:00,Sell,2,237.88,237.88,475.76,475.76,NSE,NSE
Ashok Leyland Ltd.xlsx,96,29,33,38,2024-09-30 00:00:00,Sell,2,237.88,237.88,475.76,475.76,NSE,NSE
Ashok Leyland Ltd.xlsx,96,29,35,38,2024-09-30 00:00:00,Sell,2,237.88,237.88,475.76,475.76,NSE,NSE
Ashok Leyland Ltd.xlsx,96,29,41,42,2024-03-27 00:00:00,Buy,100,170.55,170.95,17055.42,17095.42,NSE,NSE
Ashok Leyland Ltd.xlsx,96,29,48,49,2023-12-22 00:00:00,Buy,10,171.8,171.8,1730.2,1730.2,NSE,NSE
Ashok Leyland Ltd.xlsx,96,29,65,66,2021-02-03 00:00:00,Sell,100,132.0407,132.9398,13297.07,13386.98,NSE,NSE
Asian Paints Ltd.xlsx,20,2,14,15,2025-06-04 00:00:00,Buy,1.0,2267.87,2267.87,2267.87,2267.87,NSE,NSE
Asian Paints Ltd.xlsx,20,2,22,24,2025-02-17 00:00:00,Buy,2.0,2247.11,2247.11,4494.22,4494.22,NSE,NSE
Aurobindo Pharma Ltd.xlsx,79,10,12,25,2025-10-29 00:00:00,Buy,4,1106.2,1114.03,4456.12,,NSE,NSE
Aurobindo Pharma Ltd.xlsx,79,10,13,24,2025-10-29 00:00:00,Buy,1,1106.2,1114.04,1114.04,,NSE,NSE
Aurobindo Pharma Ltd.xlsx,79,10,14,26,2025-10-27 00:00:00,Buy,5,1090,1097.73,5488.66,,NSE,NSE
Aurobindo Pharma Ltd.xlsx,79,10,15,27,2025-10-24 00:00:00,Buy,4,1097.15,1104.94,4419.78,,BSE,NSE
Aurobindo Pharma Ltd.xlsx,79,10,16,28,2025-10-24 00:00:00,Buy,1,1097,1104.77,1104.77,,BSE,NSE
Aurobindo Pharma Ltd.xlsx,79,10,17,29,2025-10-23 00:00:00,Buy,5,1100.5,1108.3,5541.51,,NSE,NSE
Aurobindo Pharma Ltd.xlsx,79,10,18,30,2025-10-20 00:00:00,Buy,5,1107.7,1115.56,5577.81,,BSE,NSE
Aurobindo Pharma Ltd.xlsx,79,10,21,33,2025-09-24 00:00:00,Buy,4,1106.4,1114.24,4456.98,,BSE,NSE
Aurobindo Pharma Ltd.xlsx,79,10,22,32,2025-09-24 00:00:00,Buy,1,1106.45,1114.3,1114.3,,BSE,NSE
Aurobindo Pharma Ltd.xlsx,79,10,23,34,2025-08-28 00:00:00,Buy,2,1029.7,1037.02,2074.04,2074.04,NSE,NSE
Aurum Proptech Ltd.xlsx,18,0
Avanti Feeds Ltd - Archive.xlsx,60,1,45,46,2019-12-19 00:00:00,Buy,5.0,581.792,581.792,2914.03,2914.03,NSE,NSE
Avanti Feeds.xlsx,104,12,13,28,2025-10-29 00:00:00,Buy,1,717.8,722.89,722.89,,BSE,BSE
Avanti Feeds.xlsx,104,12,14,29,2025-10-29 00:00:00,Buy,4,717.95,723.03,2892.14,,BSE,BSE
Avanti Feeds.xlsx,104,12,15,30,2025-10-27 00:00:00,Buy,5,719.5,724.6,3623.02,,NSE,BSE
Avanti Feeds.xlsx,104,12,16,31,2025-10-24 00:00:00,Buy,5,723.9,729.03,3645.15,,NSE,BSE
Avanti Feeds.xlsx,104,12,17,33,2025-10-23 00:00:00,Buy,9,731,736.19,6625.67,,NSE,BSE
Avanti Feeds.xlsx,104,12,18,32,2025-10-23 00:00:00,Buy,1,730.85,736.02,736.02,,NSE,BSE
Avanti Feeds.xlsx,104,12,23,36,2025-09-24 00:00:00,Buy,10,678.95,683.75,6837.55,,NSE,BSE
Avanti Feeds.xlsx,104,12,24,37,2025-09-03 00:00:00,Buy,10,677.75,682.56,6825.62,6825.62,BSE,BSE
Avanti Feeds.xlsx,104,12,25,38,2025-08-28 00:00:00,Buy,5,625.8,630.25,3151.23,3151.23,NSE,NSE
Avanti Feeds.xlsx,104,12,27,41,2025-08-04 00:00:00,Buy,5,665.2,669.93,3349.66,3349.66,NSE,NSE
Avanti Feeds.xlsx,104,12,43,45,2025-06-04 00:00:00,Buy,1,774.3,774.3,774.3,774.3,NSE,NSE
Avanti Feeds.xlsx,104,12,89,90,2019-12-19 00:00:00,Buy,5,581.792,581.792,2914.03,2914.03,NSE,NSE
Bharat Electronics Ltd.xlsx,8,0
Bharat Wire Ropes Ltd.xlsx,41,38,18,26,2024-01-10 00:00:00,Sell,9.0,360.24,360.19,3242.12,3241.67,NSE,NSE
Bharat Wire Ropes Ltd.xlsx,41,38,20,23,2024-01-10 00:00:00,Sell,7.0,360.19,360.19,2521.3,2521.3,NSE,NSE
Bharat Wire Ropes Ltd.xlsx,41,38,20,25,2024-01-10 00:00:00,Sell,7.0,360.19,360.19,2521.3,2521.3,NSE,NSE
Bharat Wire Ropes Ltd.xlsx,41,38,20,31,2024-01-10 00:00:00,Sell,7.0,360.19,360.19,2521.3,2521.3,NSE,NSE
Bharat Wire Ropes Ltd.xlsx,41,38,20,34,2024-01-10 00:00:00,Sell,7.0,360.19,360.19,2521.3,2521.3,NSE,NSE
Bharat Wire Ropes Ltd.xlsx,41,38,20,35,2024-01-10 00:00:00,Sell,7.0,360.19,360.19,2521.3,2521.3,NSE,NSE
Bharat Wire Ropes Ltd.xlsx,41,38,21,22,2024-01-10 00:00:00,Sell,1.0,360.2,360.2,360.2,360.2,NSE,NSE
Bharat Wire Ropes Ltd.xlsx,41,38,21,24,2024-01-10 00:00:00,Sell,1.0,360.2,360.2,360.2,360.2,NSE,NSE
Bharat Wire Ropes Ltd.xlsx,41,38,21,27,2024-01-10 00:00:00,Sell,1.0,360.2,360.2,360.2,360.2,NSE,NSE
Bharat Wire Ropes Ltd.xlsx,41,38,21,29,2024-01-10 00:00:00,Sell,1.0,360.2,360.2,360.2,360.2,NSE,NSE
Bharat Wire Ropes Ltd.xlsx,41,38,21,30,2024-01-10 00:00:00,Sell,1.0,360.2,360.2,360.2,360.2,NSE,NSE
Bharat Wire Ropes Ltd.xlsx,41,38,21,32,2024-01-10 00:00:00,Sell,1.0,360.2,360.2,360.2,360.2,NSE,NSE
Bharat Wire Ropes Ltd.xlsx,41,38,22,24,2024-01-10 00:00:00,Sell,1.0,360.2,360.2,360.2,360.2,NSE,NSE
Bharat Wire Ropes Ltd.xlsx,41,38,22,27,2024-01-10 00:00:00,Sell,1.0,360.2,360.2,360.2,360.2,NSE,NSE
Bharat Wire Ropes Ltd.xlsx,41,38,22,29,2024-01-10 00:00:00,Sell,1.0,360.2,360.2,360.2,360.2,NSE,NSE
Bharat Wire Ropes Ltd.xlsx,41,38,22,30,2024-01-10 00:00:00,Sell,1.0,360.2,360.2,360.2,360.2,NSE,NSE
Bharat Wire Ropes Ltd.xlsx,41,38,22,32,2024-01-10 00:00:00,Sell,1.0,360.2,360.2,360.2,360.2,NSE,NSE
Bharat Wire Ropes Ltd.xlsx,41,38,23,25,2024-01-10 00:00:00,Sell,7.0,360.19,360.19,2521.3,2521.3,NSE,NSE
Bharat Wire Ropes Ltd.xlsx,41,38,23,31,2024-01-10 00:00:00,Sell,7.0,360.19,360.19,2521.3,2521.3,NSE,NSE
Bharat Wire Ropes Ltd.xlsx,41,38,23,34,2024-01-10 00:00:00,Sell,7.0,360.19,360.19,2521.3,2521.3,NSE,NSE
Bharat Wire Ropes Ltd.xlsx,41,38,23,35,2024-01-10 00:00:00,Sell,7.0,360.19,360.19,2521.3,2521.3,NSE,NSE
Bharat Wire Ropes Ltd.xlsx,41,38,24,27,2024-01-10 00:00:00,Sell,1.0,360.2,360.2,360.2,360.2,NSE,NSE
Bharat Wire Ropes Ltd.xlsx,41,38,24,29,2024-01-10 00:00:00,Sell,1.0,360.2,360.2,360.2,360.2,NSE,NSE
Bharat Wire Ropes Ltd.xlsx,41,38,24,30,2024-01-10 00:00:00,Sell,1.0,360.2,360.2,360.2,360.2,NSE,NSE
Bharat Wire Ropes Ltd.xlsx,41,38,24,32,2024-01-10 00:00:00,Sell,1.0,360.2,360.2,360.2,360.2,NSE,NSE
Bharat Wire Ropes Ltd.xlsx,41,38,25,31,2024-01-10 00:00:00,Sell,7.0,360.19,360.19,2521.3,2521.3,NSE,NSE
Bharat Wire Ropes Ltd.xlsx,41,38,25,34,2024-01-10 00:00:00,Sell,7.0,360.19,360.19,2521.3,2521.3,NSE,NSE
Bharat Wire Ropes Ltd.xlsx,41,38,25,35,2024-01-10 00:00:00,Sell,7.0,360.19,360.19,2521.3,2521.3,NSE,NSE
Bharat Wire Ropes Ltd.xlsx,41,38,27,29,2024-01-10 00:00:00,Sell,1.0,360.2,360.2,360.2,360.2,NSE,NSE
Bharat Wire Ropes Ltd.xlsx,41,38,27,30,2024-01-10 00:00:00,Sell,1.0,360.2,360.2,360.2,360.2,NSE,NSE
Bharat Wire Ropes Ltd.xlsx,41,38,27,32,2024-01-10 00:00:00,Sell,1.0,360.2,360.2,360.2,360.2,NSE,NSE
Bharat Wire Ropes Ltd.xlsx,41,38,29,30,2024-01-10 00:00:00,Sell,1.0,360.2,360.2,360.2,360.2,NSE,NSE
Bharat Wire Ropes Ltd.xlsx,41,38,29,32,2024-01-10 00:00:00,Sell,1.0,360.2,360.2,360.2,360.2,NSE,NSE
Bharat Wire Ropes Ltd.xlsx,41,38,30,32,2024-01-10 00:00:00,Sell,1.0,360.2,360.2,360.2,360.2,NSE,NSE
Bharat Wire Ropes Ltd.xlsx,41,38,31,34,2024-01-10 00:00:00,Sell,7.0,360.19,360.19,2521.3,2521.3,NSE,NSE
Bharat Wire Ropes Ltd.xlsx,41,38,31,35,2024-01-10 00:00:00,Sell,7.0,360.19,360.19,2521.3,2521.3,NSE,NSE
Bharat Wire Ropes Ltd.xlsx,41,38,34,35,2024-01-10 00:00:00,Sell,7.0,360.19,360.19,2521.3,2521.3,NSE,NSE
Bharat Wire Ropes Ltd.xlsx,41,38,36,37,2023-12-22 00:00:00,Buy,1.0,310.74,310.64,310.74,310.64,NSE,NSE
Biocon Ltd.xlsx,30,0
Bombay Burmah Trading Corporation Ltd.xlsx,122,52,10,11,2025-12-29 00:00:00,Buy,1,1829.9,1829.9,1842.89,1842.89,NSE,NSE
Bombay Burmah Trading Corporation Ltd.xlsx,122,52,10,12,2025-12-29 00:00:00,Buy,1,1829.9,1829.9,1842.89,1842.89,NSE,NSE
Bombay Burmah Trading Corporation Ltd.xlsx,122,52,11,12,2025-12-29 00:00:00,Buy,1,1829.9,1829.9,1842.89,1842.89,NSE,NSE
Bombay Burmah Trading Corporation Ltd.xlsx,122,52,28,29,2025-11-18 00:00:00,Buy,1,1907.1,1907.1,1920.65,1920.65,NSE,NSE
Bombay Burmah Trading Corporation Ltd.xlsx,122,52,30,31,2025-11-17 00:00:00,Buy,1,1848.4,1848.4,1861.52,1861.52,NSE,NSE
Bombay Burmah Trading Corporation Ltd.xlsx,122,52,39,40,2025-10-29 00:00:00,Buy,1,2017.4,2017.5,2031.71,2031.82,NSE,NSE
Bombay Burmah Trading Corporation Ltd.xlsx,122,52,45,46,2025-10-20 00:00:00,Buy,1,2032,2031.9,2046.39,2046.29,NSE,NSE
Bombay Burmah Trading Corporation Ltd.xlsx,122,52,49,61,2025-10-03 00:00:00,Buy,4,1808.8,1894.28,7286.58,,NSE,BSE
Bombay Burmah Trading Corporation Ltd.xlsx,122,52,50,62,2025-10-03 00:00:00,Buy,1,1808.8,1894.28,1821.66,,NSE,BSE
Bombay Burmah Trading Corporation Ltd.xlsx,122,52,51,63,2025-09-24 00:00:00,Buy,5,1880.95,1894.28,9471.4,,BSE,BSE
Bombay Burmah Trading Corporation Ltd.xlsx,122,52,52,65,2025-09-03 00:00:00,Buy,1,1829.5,1842.48,1842.48,1842.48,BSE,BSE
Bombay Burmah Trading Corporation Ltd.xlsx,122,52,53,64,2025-09-03 00:00:00,Buy,4,1829,1841.98,7367.94,7367.94,BSE,BSE
Bombay Burmah Trading Corporation Ltd.xlsx,122,52,54,66,2025-09-01 00:00:00,Buy,3,1753.7,1766.08,5298.24,5298.24,NSE,NSE
Bombay Burmah Trading Corporation Ltd.xlsx,122,52,55,57,2025-08-04 00:00:00,Buy,1,1902,1902.1,1915.54,1915.64,NSE,NSE
Bombay Burmah Trading Corporation Ltd.xlsx,122,52,55,58,2025-08-04 00:00:00,Buy,1,1902,1902.1,1915.54,1915.65,NSE,NSE
Bombay Burmah Trading Corporation Ltd.xlsx,122,52,55,68,2025-08-04 00:00:00,Buy,1,1902,1915.54,1915.54,1915.54,NSE,NSE
Bombay Burmah Trading Corporation Ltd.xlsx,122,52,55,69,2025-08-04 00:00:00,Buy,1,1902,1915.65,1915.54,1915.65,NSE,NSE
Bombay Burmah Trading Corporation Ltd.xlsx,122,52,55,70,2025-08-04 00:00:00,Buy,1,1902,1915.64,1915.54,1915.64,NSE,NSE
Bombay Burmah Trading Corporation Ltd.xlsx,122,52,56,67,2025-08-04 00:00:00,Buy,2,1902.1,1915.6,3831.19,3831.19,NSE,NSE
Bombay Burmah Trading Corporation Ltd.xlsx,122,52,57,58,2025-08-04 00:00:00,Buy,1,1902.1,1902.1,1915.64,1915.65,NSE,NSE
Bombay Burmah Trading Corporation Ltd.xlsx,122,52,57,68,2025-08-04 00:00:00,Buy,1,1902.1,1915.54,1915.64,1915.54,NSE,NSE
Bombay Burmah Trading Corporation Ltd.xlsx,122,52,57,69,2025-08-04 00:00:00,Buy,1,1902.1,1915.65,1915.64,1915.65,NSE,NSE
Bombay Burmah Trading Corporation Ltd.xlsx,122,52,57,70,2025-08-04 00:00:00,Buy,1,1902.1,1915.64,1915.64,1915.64,NSE,NSE
Bombay Burmah Trading Corporation Ltd.xlsx,122,52,58,68,2025-08-04 00:00:00,Buy,1,1902.1,1915.54,1915.65,1915.54,NSE,NSE
Bombay Burmah Trading Corporation Ltd.xlsx,122,52,58,69,2025-08-04 00:00:00,Buy,1,1902.1,1915.65,1915.65,1915.65,NSE,NSE
Bombay Burmah Trading Corporation Ltd.xlsx,122,52,58,70,2025-08-04 00:00:00,Buy,1,1902.1,1915.64,1915.65,1915.64,NSE,NSE
Bombay Burmah Trading Corporation Ltd.xlsx,122,52,68,69,2025-08-04 00:00:00,Buy,1,1915.54,1915.65,1915.54,1915.65,NSE,NSE
Bombay Burmah Trading Corporation Ltd.xlsx,122,52,68,70,2025-08-04 00:00:00,Buy,1,1915.54,1915.64,1915.54,1915.64,NSE,NSE
Bombay Burmah Trading Corporation Ltd.xlsx,122,52,69,70,2025-08-04 00:00:00,Buy,1,1915.65,1915.64,1915.65,1915.64,NSE,NSE
Bombay Burmah Trading Corporation Ltd.xlsx,122,52,73,76,2025-07-11 00:00:00,Buy,3,1965.93,1965.83,5897.78,5897.48,NSE,NSE
Bombay Burmah Trading Corporation Ltd.xlsx,122,52,75,77,2025-07-11 00:00:00,Buy,1,1965.82,1965.62,1965.82,1965.62,NSE,NSE
Bombay Burmah Trading Corporation Ltd.xlsx,122,52,83,84,2025-06-04 00:00:00,Buy,1,2024.05,2024.65,2024.05,2024.65,NSE,NSE
Bombay Burmah Trading Corporation Ltd.xlsx,122,52,83,85,2025-06-04 00:00:00,Buy,1,2024.05,2024.05,2024.05,2024.05,NSE,NSE
Bombay Burmah Trading Corporation Ltd.xlsx,122,52,84,85,2025-06-04 00:00:00,Buy,1,2024.65,2024.05,2024.65,2024.05,NSE,NSE
Bombay Burmah Trading Corporation Ltd.xlsx,122,52,88,89,2025-03-18 00:00:00,Buy,2,1703.49,1703.55,,,NSE,NSE
Bombay Burmah Trading Corporation Ltd.xlsx,122,52,93,94,2025-02-24 00:00:00,Buy,5,1804.35,1804.35,9021.76,9021.77,NSE,NSE
Bombay Burmah Trading Corporation Ltd.xlsx,122,52,98,99,2025-02-14 00:00:00,Buy,1,1867.85,1869.08,1867.85,1869.08,NSE,NSE
Bombay Burmah Trading Corporation Ltd.xlsx,122,52,98,102,2025-02-14 00:00:00,Buy,1,1867.85,1867.85,1867.85,1867.85,NSE,NSE
Bombay Burmah Trading Corporation Ltd.xlsx,122,52,98,103,2025-02-14 00:00:00,Buy,1,1867.85,1867.85,1867.85,1867.85,NSE,NSE
Bombay Burmah Trading Corporation Ltd.xlsx,122,52,98,104,2025-02-14 00:00:00,Buy,1,1867.85,1867.85,1867.85,1867.85,NSE,NSE
Bombay Burmah Trading Corporation Ltd.xlsx,122,52,98,105,2025-02-14 00:00:00,Buy,1,1867.85,1867.85,1867.85,1867.85,NSE,NSE
Bombay Burmah Trading Corporation Ltd.xlsx,122,52,99,102,2025-02-14 00:00:00,Buy,1,1869.08,1867.85,1869.08,1867.85,NSE,NSE
Bombay Burmah Trading Corporation Ltd.xlsx,122,52,99,103,2025-02-14 00:00:00,Buy,1,1869.08,1867.85,1869.08,1867.85,NSE,NSE
Bombay Burmah Trading Corporation Ltd.xlsx,122,52,99,104,2025-02-14 00:00:00,Buy,1,1869.08,1867.85,1869.08,1867.85,NSE,NSE
Bombay Burmah Trading Corporation Ltd.xlsx,122,52,99,105,2025-02-14 00:00:00,Buy,1,1869.08,1867.85,1869.08,1867.85,NSE,NSE
Bombay Burmah Trading Corporation Ltd.xlsx,122,52,100,101,2025-02-14 00:00:00,Buy,2,1869.19,1869.1,3738.39,3738.19,NSE,NSE
Bombay Burmah Trading Corporation Ltd.xlsx,122,52,102,103,2025-02-14 00:00:00,Buy,1,1867.85,1867.85,1867.85,1867.85,NSE,NSE
Bombay Burmah Trading Corporation Ltd.xlsx,122,52,102,104,2025-02-14 00:00:00,Buy,1,1867.85,1867.85,1867.85,1867.85,NSE,NSE
Bombay Burmah Trading Corporation Ltd.xlsx,122,52,102,105,2025-02-14 00:00:00,Buy,1,1867.85,1867.85,1867.85,1867.85,NSE,NSE
Bombay Burmah Trading Corporation Ltd.xlsx,122,52,103,104,2025-02-14 00:00:00,Buy,1,1867.85,1867.85,1867.85,1867.85,NSE,NSE
Bombay Burmah Trading Corporation Ltd.xlsx,122,52,103,105,2025-02-14 00:00:00,Buy,1,1867.85,1867.85,1867.85,1867.85,NSE,NSE
Bombay Burmah Trading Corporation Ltd.xlsx,122,52,104,105,2025-02-14 00:00:00,Buy,1,1867.85,1867.85,1867.85,1867.85,NSE,NSE
Carysil Ltd.xlsx,10,12,6,9,2025-04-07 00:00:00,Buy,1.0,570.35,570.24,570.35,570.24,NSE,NSE
Carysil Ltd.xlsx,10,12,6,11,2025-04-07 00:00:00,Buy,1.0,570.35,570.51,570.35,570.51,NSE,NSE
Carysil Ltd.xlsx,10,12,6,14,2025-04-07 00:00:00,Buy,1.0,570.35,570.51,570.35,570.51,NSE,NSE
Carysil Ltd.xlsx,10,12,7,10,2025-04-07 00:00:00,Buy,2.0,570.51,570.51,1141.02,1141.02,NSE,NSE
Carysil Ltd.xlsx,10,12,7,12,2025-04-07 00:00:00,Buy,2.0,570.51,570.51,1141.02,1141.02,NSE,NSE
Carysil Ltd.xlsx,10,12,7,13,2025-04-07 00:00:00,Buy,2.0,570.51,570.51,1141.02,1141.02,NSE,NSE
Carysil Ltd.xlsx,10,12,9,11,2025-04-07 00:00:00,Buy,1.0,570.24,570.51,570.24,570.51,NSE,NSE
Carysil Ltd.xlsx,10,12,9,14,2025-04-07 00:00:00,Buy,1.0,570.24,570.51,570.24,570.51,NSE,NSE
Carysil Ltd.xlsx,10,12,10,12,2025-04-07 00:00:00,Buy,2.0,570.51,570.51,1141.02,1141.02,NSE,NSE
Carysil Ltd.xlsx,10,12,10,13,2025-04-07 00:00:00,Buy,2.0,570.51,570.51,1141.02,1141.02,NSE,NSE
Carysil Ltd.xlsx,10,12,11,14,2025-04-07 00:00:00,Buy,1.0,570.51,570.51,570.51,570.51,NSE,NSE
Carysil Ltd.xlsx,10,12,12,13,2025-04-07 00:00:00,Buy,2.0,570.51,570.51,1141.02,1141.02,NSE,NSE
Coal India Ltd.xlsx,92,3,26,29,2025-10-20 00:00:00,Buy,10,388.95,391.7,3917.02,,NSE,NSE
Coal India Ltd.xlsx,92,3,27,30,2025-10-17 00:00:00,Buy,20,386.75,389.49,7789.8,,BSE,NSE
Coal India Ltd.xlsx,92,3,28,31,2025-09-03 00:00:00,Buy,10,381.85,384.56,3845.58,3845.58,NSE,NSE
Gautam Gems Ltd.xlsx,1,0
Graphite India Ltd.xlsx,21,5,5,6,2025-02-28 00:00:00,Buy,1.0,391.44,391.44,391.44,391.44,NSE,NSE
Graphite India Ltd.xlsx,21,5,5,8,2025-02-28 00:00:00,Buy,1.0,391.44,391.44,391.44,391.44,NSE,NSE
Graphite India Ltd.xlsx,21,5,6,8,2025-02-28 00:00:00,Buy,1.0,391.44,391.44,391.44,391.44,NSE,NSE
Graphite India Ltd.xlsx,21,5,12,14,2025-02-11 00:00:00,Buy,4.0,473.88,473.79,1895.54,1895.14,NSE,NSE
Graphite India Ltd.xlsx,21,5,13,15,2025-02-11 00:00:00,Buy,1.0,473.92,473.72,473.92,473.72,NSE,NSE
Hero MotoCorp Ltd.xlsx,9,11,5,6,2025-03-18 00:00:00,Buy,1,3584.19,3581.19,#REF!,#REF!,NSE,NSE
Hero MotoCorp Ltd.xlsx,9,11,9,10,2025-02-17 00:00:00,Buy,1,3824.82,3824.82,3824.82,3824.82,NSE,NSE
Hero MotoCorp Ltd.xlsx,9,11,9,11,2025-02-17 00:00:00,Buy,1,3824.82,3824.82,3824.82,3824.82,NSE,NSE
Hero MotoCorp Ltd.xlsx,9,11,9,12,2025-02-17 00:00:00,Buy,1,3824.82,3824.82,3824.82,3824.82,NSE,NSE
Hero MotoCorp Ltd.xlsx,9,11,9,13,2025-02-17 00:00:00,Buy,1,3824.82,3824.82,3824.82,3824.82,NSE,NSE
Hero MotoCorp Ltd.xlsx,9,11,10,11,2025-02-17 00:00:00,Buy,1,3824.82,3824.82,3824.82,3824.82,NSE,NSE
Hero MotoCorp Ltd.xlsx,9,11,10,12,2025-02-17 00:00:00,Buy,1,3824.82,3824.82,3824.82,3824.82,NSE,NSE
Hero MotoCorp Ltd.xlsx,9,11,10,13,2025-02-17 00:00:00,Buy,1,3824.82,3824.82,3824.82,3824.82,NSE,NSE
Hero MotoCorp Ltd.xlsx,9,11,11,12,2025-02-17 00:00:00,Buy,1,3824.82,3824.82,3824.82,3824.82,NSE,NSE
Hero MotoCorp Ltd.xlsx,9,11,11,13,2025-02-17 00:00:00,Buy,1,3824.82,3824.82,3824.82,3824.82,NSE,NSE
Hero MotoCorp Ltd.xlsx,9,11,12,13,2025-02-17 00:00:00,Buy,1,3824.82,3824.82,3824.82,3824.82,NSE,NSE
High Energy Batteries (India) Ltd.xlsx,48,60,9,10,2025-12-26 00:00:00,Buy,5,545.55,545.5,2750.24,2749.99,BSE,BSE
High Energy Batteries (India) Ltd.xlsx,48,60,15,16,2025-12-09 00:00:00,Buy,5,560.95,561,2827.8,2828.11,BSE,BSE
High Energy Batteries (India) Ltd.xlsx,48,60,23,24,2025-11-17 00:00:00,Buy,2,657.95,657,1326.73,1324.82,BSE,BSE
High Energy Batteries (India) Ltd.xlsx,48,60,30,32,2025-10-20 00:00:00,Buy,10,640.95,646.22,6462.21,,BSE,BSE
High Energy Batteries (India) Ltd.xlsx,48,60,31,33,2025-10-17 00:00:00,Buy,10,610.5,615.52,6155.25,,BSE,BSE
High Energy Batteries (India) Ltd.xlsx,48,60,38,39,2025-02-24 00:00:00,Buy,2,484.4,486.42,968.81,972.83,BSE,BSE
High Energy Batteries (India) Ltd.xlsx,48,60,38,40,2025-02-24 00:00:00,Buy,2,484.4,485.17,968.81,970.33,BSE,BSE
High Energy Batteries (India) Ltd.xlsx,48,60,38,41,2025-02-24 00:00:00,Buy,2,484.4,485.42,968.81,970.83,BSE,BSE
High Energy Batteries (India) Ltd.xlsx,48,60,38,42,2025-02-24 00:00:00,Buy,2,484.4,484.15,968.81,968.31,BSE,BSE
High Energy Batteries (India) Ltd.xlsx,48,60,38,44,2025-02-24 00:00:00,Buy,2,484.4,484.9,968.81,969.81,BSE,BSE
High Energy Batteries (India) Ltd.xlsx,48,60,38,45,2025-02-24 00:00:00,Buy,2,484.4,485.67,968.81,971.33,BSE,BSE
High Energy Batteries (India) Ltd.xlsx,48,60,38,46,2025-02-24 00:00:00,Buy,2,484.4,485.92,968.81,971.83,BSE,BSE
High Energy Batteries (India) Ltd.xlsx,48,60,38,47,2025-02-24 00:00:00,Buy,2,484.4,483.95,968.81,967.91,BSE,BSE
High Energy Batteries (India) Ltd.xlsx,48,60,38,48,2025-02-24 00:00:00,Buy,2,484.4,484.65,968.81,969.31,BSE,BSE
High Energy Batteries (India) Ltd.xlsx,48,60,38,49,2025-02-24 00:00:00,Buy,2,484.4,486.17,968.81,972.33,BSE,BSE
High Energy Batteries (India) Ltd.xlsx,48,60,39,40,2025-02-24 00:00:00,Buy,2,486.42,485.17,972.83,970.33,BSE,BSE
High Energy Batteries (India) Ltd.xlsx,48,60,39,41,2025-02-24 00:00:00,Buy,2,486.42,485.42,972.83,970.83,BSE,BSE
High Energy Batteries (India) Ltd.xlsx,48,60,39,42,2025-02-24 00:00:00,Buy,2,486.42,484.15,972.83,968.31,BSE,BSE
High Energy Batteries (India) Ltd.xlsx,48,60,39,44,2025-02-24 00:00:00,Buy,2,486.42,484.9,972.83,969.81,BSE,BSE
High Energy Batteries (India) Ltd.xlsx,48,60,39,45,2025-02-24 00:00:00,Buy,2,486.42,485.67,972.83,971.33,BSE,BSE
High Energy Batteries (India) Ltd.xlsx,48,60,39,46,2025-02-24 00:00:00,Buy,2,486.42,485.92,972.83,971.83,BSE,BSE
High Energy Batteries (India) Ltd.xlsx,48,60,39,47,2025-02-24 00:00:00,Buy,2,486.42,483.95,972.83,967.91,BSE,BSE
High Energy Batteries (India) Ltd.xlsx,48,60,39,48,2025-02-24 00:00:00,Buy,2,486.42,484.65,972.83,969.31,BSE,BSE
High Energy Batteries (India) Ltd.xlsx,48,60,39,49,2025-02-24 00:00:00,Buy,2,486.42,486.17,972.83,972.33,BSE,BSE
High Energy Batteries (India) Ltd.xlsx,48,60,40,41,2025-02-24 00:00:00,Buy,2,485.17,485.42,970.33,970.83,BSE,BSE
High Energy Batteries (India) Ltd.xlsx,48,60,40,42,2025-02-24 00:00:00,Buy,2,485.17,484.15,970.33,968.31,BSE,BSE
High Energy Batteries (India) Ltd.xlsx,48,60,40,44,2025-02-24 00:00:00,Buy,2,485.17,484.9,970.33,969.81,BSE,BSE
High Energy Batteries (India) Ltd.xlsx,48,60,40,45,2025-02-24 00:00:00,Buy,2,485.17,485.67,970.33,971.33,BSE,BSE
High Energy Batteries (India) Ltd.xlsx,48,60,40,46,2025-02-24 00:00:00,Buy,2,485.17,485.92,970.33,971.83,BSE,BSE
High Energy Batteries (India) Ltd.xlsx,48,60,40,47,2025-02-24 00:00:00,Buy,2,485.17,483.95,970.33,967.91,BSE,BSE
High Energy Batteries (India) Ltd.xlsx,48,60,40,48,2025-02-24 00:00:00,Buy,2,485.17,484.65,970.33,969.31,BSE,BSE
High Energy Batteries (India) Ltd.xlsx,48,60,40,49,2025-02-24 00:00:00,Buy,2,485.17,486.17,970.33,972.33,BSE,BSE
High Energy Batteries (India) Ltd.xlsx,48,60,41,42,2025-02-24 00:00:00,Buy,2,485.42,484.15,970.83,968.31,BSE,BSE
High Energy Batteries (India) Ltd.xlsx,48,60,41,44,2025-02-24 00:00:00,Buy,2,485.42,484.9,970.83,969.81,BSE,BSE
High Energy Batteries (India) Ltd.xlsx,48,60,41,45,2025-02-24 00:00:00,Buy,2,485.42,485.67,970.83,971.33,BSE,BSE
High Energy Batteries (India) Ltd.xlsx,48,60,41,46,2025-02-24 00:00:00,Buy,2,485.42,485.92,970.83,971.83,BSE,BSE
High Energy Batteries (India) Ltd.xlsx,48,60,41,47,2025-02-24 00:00:00,Buy,2,485.42,483.95,970.83,967.91,BSE,BSE
High Energy Batteries (India) Ltd.xlsx,48,60,41,48,2025-02-24 00:00:00,Buy,2,485.42,484.65,970.83,969.31,BSE,BSE
High Energy Batteries (India) Ltd.xlsx,48,60,41,49,2025-02-24 00:00:00,Buy,2,485.42,486.17,970.83,972.33,BSE,BSE
High Energy Batteries (India) Ltd.xlsx,48,60,42,44,2025-02-24 00:00:00,Buy,2,484.15,484.9,968.31,969.81,BSE,BSE
High Energy Batteries (India) Ltd.xlsx,48,60,42,45,2025-02-24 00:00:00,Buy,2,484.15,485.67,968.31,971.33,BSE,BSE
High Energy Batteries (India) Ltd.xlsx,48,60,42,46,2025-02-24 00:00:00,Buy,2,484.15,485.92,968.31,971.83,BSE,BSE
High Energy Batteries (India) Ltd.xlsx,48,60,42,47,2025-02-24 00:00:00,Buy,2,484.15,483.95,968.31,967.91,BSE,BSE
High Energy Batteries (India) Ltd.xlsx,48,60,42,48,2025-02-24 00:00:00,Buy,2,484.15,484.65,968.31,969.31,BSE,BSE
High Energy Batteries (India) Ltd.xlsx,48,60,42,49,2025-02-24 00:00:00,Buy,2,484.15,486.17,968.31,972.33,BSE,BSE
High Energy Batteries (India) Ltd.xlsx,48,60,44,45,2025-02-24 00:00:00,Buy,2,484.9,485.67,969.81,971.33,BSE,BSE
High Energy Batteries (India) Ltd.xlsx,48,60,44,46,2025-02-24 00:00:00,Buy,2,484.9,485.92,969.81,971.83,BSE,BSE
High Energy Batteries (India) Ltd.xlsx,48,60,44,47,2025-02-24 00:00:00,Buy,2,484.9,483.95,969.81,967.91,BSE,BSE
High Energy Batteries (India) Ltd.xlsx,48,60,44,48,2025-02-24 00:00:00,Buy,2,484.9,484.65,969.81,969.31,BSE,BSE
High Energy Batteries (India) Ltd.xlsx,48,60,44,49,2025-02-24 00:00:00,Buy,2,484.9,486.17,969.81,972.33,BSE,BSE
High Energy Batteries (India) Ltd.xlsx,48,60,45,46,2025-02-24 00:00:00,Buy,2,485.67,485.92,971.33,971.83,BSE,BSE
High Energy Batteries (India) Ltd.xlsx,48,60,45,47,2025-02-24 00:00:00,Buy,2,485.67,483.95,971.33,967.91,BSE,BSE
High Energy Batteries (India) Ltd.xlsx,48,60,45,48,2025-02-24 00:00:00,Buy,2,485.67,484.65,971.33,969.31,BSE,BSE
High Energy Batteries (India) Ltd.xlsx,48,60,45,49,2025-02-24 00:00:00,Buy,2,485.67,486.17,971.33,972.33,BSE,BSE
High Energy Batteries (India) Ltd.xlsx,48,60,46,47,2025-02-24 00:00:00,Buy,2,485.92,483.95,971.83,967.91,BSE,BSE
High Energy Batteries (India) Ltd.xlsx,48,60,46,48,2025-02-24 00:00:00,Buy,2,485.92,484.65,971.83,969.31,BSE,BSE
High Energy Batteries (India) Ltd.xlsx,48,60,46,49,2025-02-24 00:00:00,Buy,2,485.92,486.17,971.83,972.33,BSE,BSE
High Energy Batteries (India) Ltd.xlsx,48,60,47,48,2025-02-24 00:00:00,Buy,2,483.95,484.65,967.91,969.31,BSE,BSE
High Energy Batteries (India) Ltd.xlsx,48,60,47,49,2025-02-24 00:00:00,Buy,2,483.95,486.17,967.91,972.33,BSE,BSE
High Energy Batteries (India) Ltd.xlsx,48,60,48,49,2025-02-24 00:00:00,Buy,2,484.65,486.17,969.31,972.33,BSE,BSE
Hindustan Copper Ltd.xlsx,56,2,12,13,2025-08-05 00:00:00,Buy,1.0,244.82,244.82,244.82,244.82,NSE,NSE
Hindustan Copper Ltd.xlsx,56,2,33,34,2023-07-24 00:00:00,Buy,10.0,58.453,58.453,1202.985,1202.985,NSE,NSE
IRB Infra.xlsx,86,18,6,7,2025-10-17 00:00:00,Buy,14,42.53,42.53,599.59,599.59,NSE,NSE
IRB Infra.xlsx,86,18,6,8,2025-10-17 00:00:00,Buy,14,42.53,42.53,599.59,599.59,NSE,NSE
IRB Infra.xlsx,86,18,6,11,2025-10-17 00:00:00,Buy,14,42.53,42.53,599.59,599.59,NSE,NSE
IRB Infra.xlsx,86,18,6,12,2025-10-17 00:00:00,Buy,14,42.53,42.53,599.59,599.59,NSE,NSE
IRB Infra.xlsx,86,18,6,13,2025-10-17 00:00:00,Buy,14,42.53,42.53,599.59,599.59,NSE,NSE
IRB Infra.xlsx,86,18,7,8,2025-10-17 00:00:00,Buy,14,42.53,42.53,599.59,599.59,NSE,NSE
IRB Infra.xlsx,86,18,7,11,2025-10-17 00:00:00,Buy,14,42.53,42.53,599.59,599.59,NSE,NSE
IRB Infra.xlsx,86,18,7,12,2025-10-17 00:00:00,Buy,14,42.53,42.53,599.59,599.59,NSE,NSE
IRB Infra.xlsx,86,18,7,13,2025-10-17 00:00:00,Buy,14,42.53,42.53,599.59,599.59,NSE,NSE
IRB Infra.xlsx,86,18,8,11,2025-10-17 00:00:00,Buy,14,42.53,42.53,599.59,599.59,NSE,NSE
IRB Infra.xlsx,86,18,8,12,2025-10-17 00:00:00,Buy,14,42.53,42.53,599.59,599.59,NSE,NSE
IRB Infra.xlsx,86,18,8,13,2025-10-17 00:00:00,Buy,14,42.53,42.53,599.59,599.59,NSE,NSE
IRB Infra.xlsx,86,18,9,10,2025-10-17 00:00:00,Buy,24,42.53,42.53,1027.86,1027.86,NSE,NSE
IRB Infra.xlsx,86,18,11,12,2025-10-17 00:00:00,Buy,14,42.53,42.53,599.59,599.59,NSE,NSE
IRB Infra.xlsx,86,18,11,13,2025-10-17 00:00:00,Buy,14,42.53,42.53,599.59,599.59,NSE,NSE
IRB Infra.xlsx,86,18,12,13,2025-10-17 00:00:00,Buy,14,42.53,42.53,599.59,599.59,NSE,NSE
IRB Infra.xlsx,86,18,43,44,2024-03-27 00:00:00,Buy,100,59.21,59.11,5921.21,5911.2,NSE,NSE
IRB Infra.xlsx,86,18,48,49,2024-01-10 00:00:00,Buy,100,46.73,46.73,4625.93,4625.93,NSE,NSE
ITC Hotels Ltd.xlsx,26,4,13,14,2025-11-07 00:00:00,Buy,5,209.1,209.1,1052.93,1052.93,NSE,NSE
ITC Hotels Ltd.xlsx,26,4,23,27,2025-10-17 00:00:00,Buy,9,217.4,218.95,1970.51,,BSE,BSE
ITC Hotels Ltd.xlsx,26,4,24,29,2025-09-03 00:00:00,Buy,11,251.85,253.64,2790.03,2790.03,BSE,BSE
ITC Hotels Ltd.xlsx,26,4,25,28,2025-09-03 00:00:00,Buy,9,251.9,253.69,2283.21,2283.21,BSE,BSE
ITC Ltd.xlsx,158,6,45,49,2025-10-20 00:00:00,Buy,10,413.55,416.49,4164.87,,BSE,NSE
ITC Ltd.xlsx,158,6,46,50,2025-10-17 00:00:00,Buy,16,410.25,413.16,6610.54,,BSE,NSE
ITC Ltd.xlsx,158,6,47,51,2025-09-24 00:00:00,Buy,20,402.05,404.9,8098.04,,BSE,NSE
ITC Ltd.xlsx,158,6,48,52,2025-08-28 00:00:00,Buy,10,401.35,404.2,4042.01,4042.01,NSE,NSE
ITC Ltd.xlsx,158,6,57,58,2025-06-12 00:00:00,Buy,1,426.54,426.54,426.54,426.54,NSE,NSE
ITC Ltd.xlsx,158,6,77,78,2024-03-27 00:00:00,Buy,10,431.08,431.13,4310.82,4311.33,NSE,NSE
Indian Oil Corporation Ltd.xlsx,29,0
Indian Rail Tour Corp Ltd.xlsx,48,4,34,38,2025-10-20 00:00:00,Buy,5,726.7,731.85,3659.25,,BSE,NSE
Indian Rail Tour Corp Ltd.xlsx,48,4,35,39,2025-10-17 00:00:00,Buy,8,718.5,723.59,5788.72,,NSE,NSE
Indian Rail Tour Corp Ltd.xlsx,48,4,36,40,2025-09-03 00:00:00,Buy,5,711.75,716.8,3583.98,3583.98,NSE,NSE
Indian Rail Tour Corp Ltd.xlsx,48,4,37,41,2025-08-28 00:00:00,Buy,2,709.45,714.49,1428.97,1428.97,NSE,NSE
Indian Railway Fin Corp.xlsx,13,1,9,12,2025-10-20 00:00:00,Buy,50,124.8,125.68,6284.04,,BSE,NSE
Indian Renewable Energy Dev Agency Ltd.xlsx,24,4,12,16,2025-10-20 00:00:00,Buy,50,152.4,153.48,7673.96,,BSE,BSE
Indian Renewable Energy Dev Agency Ltd.xlsx,24,4,13,17,2025-10-17 00:00:00,Buy,50,152,153.08,7653.86,,NSE,BSE
Indian Renewable Energy Dev Agency Ltd.xlsx,24,4,14,18,2025-09-24 00:00:00,Buy,10,154.1,155.19,1551.92,,BSE,BSE
Indian Renewable Energy Dev Agency Ltd.xlsx,24,4,15,19,2025-08-28 00:00:00,Buy,10,143.25,144.27,1442.71,1442.71,BSE,BSE
Ircon International Ltd.xlsx,27,8,14,18,2025-10-20 00:00:00,Buy,20,167.76,168.95,3379,,NSE,NSE
Ircon International Ltd.xlsx,27,8,15,16,2025-09-24 00:00:00,Buy,5,176.71,176.71,889.81,889.81,NSE,NSE
Ircon International Ltd.xlsx,27,8,15,19,2025-09-24 00:00:00,Buy,5,176.71,177.96,889.81,,NSE,NSE
Ircon International Ltd.xlsx,27,8,15,20,2025-09-24 00:00:00,Buy,5,176.71,177.96,889.81,,NSE,NSE
Ircon International Ltd.xlsx,27,8,16,19,2025-09-24 00:00:00,Buy,5,176.71,177.96,889.81,,NSE,NSE
Ircon International Ltd.xlsx,27,8,16,20,2025-09-24 00:00:00,Buy,5,176.71,177.96,889.81,,NSE,NSE
Ircon International Ltd.xlsx,27,8,17,22,2025-09-03 00:00:00,Buy,20,174.75,175.99,3519.7,3519.7,NSE,NSE
Ircon International Ltd.xlsx,27,8,19,20,2025-09-24 00:00:00,Buy,5,177.96,177.96,,,NSE,NSE
Jio Financial Services Ltd(1).xlsx,7,0
Jio Financial Services Ltd.xlsx,28,1,12,13,2025-08-11 00:00:00,Buy,180,0.5,0.5,90,90,DIV,DIV
Kajaria Ceramics Ltd.xlsx,67,21,5,6,2026-02-04 00:00:00,Buy,1,911.7,911.7,918.16,918.16,NSE,NSE
Kajaria Ceramics Ltd.xlsx,67,21,5,7,2026-02-04 00:00:00,Buy,1,911.7,911.7,918.16,918.16,NSE,NSE
Kajaria Ceramics Ltd.xlsx,67,21,6,7,2026-02-04 00:00:00,Buy,1,911.7,911.7,918.16,918.16,NSE,NSE
Kajaria Ceramics Ltd.xlsx,67,21,9,10,2026-01-28 00:00:00,Buy,2,888.4,888.4,1789.42,1789.42,NSE,NSE
Kajaria Ceramics Ltd.xlsx,67,21,26,28,2025-12-23 00:00:00,Buy,1,1038.9,1038.9,1046.26,1046.26,NSE,NSE
Kajaria Ceramics Ltd.xlsx,67,21,29,30,2025-12-18 00:00:00,Buy,1,1077.2,1077.2,1084.84,1084.84,NSE,NSE
Kajaria Ceramics Ltd.xlsx,67,21,29,31,2025-12-18 00:00:00,Buy,1,1077.2,1077.3,1084.84,1084.94,NSE,NSE
Kajaria Ceramics Ltd.xlsx,67,21,29,32,2025-12-18 00:00:00,Buy,1,1077.2,1077.2,1084.84,1084.84,NSE,NSE
Kajaria Ceramics Ltd.xlsx,67,21,29,33,2025-12-18 00:00:00,Buy,1,1077.2,1077.1,1084.84,1084.74,NSE,NSE
Kajaria Ceramics Ltd.xlsx,67,21,30,31,2025-12-18 00:00:00,Buy,1,1077.2,1077.3,1084.84,1084.94,NSE,NSE
Kajaria Ceramics Ltd.xlsx,67,21,30,32,2025-12-18 00:00:00,Buy,1,1077.2,1077.2,1084.84,1084.84,NSE,NSE
Kajaria Ceramics Ltd.xlsx,67,21,30,33,2025-12-18 00:00:00,Buy,1,1077.2,1077.1,1084.84,1084.74,NSE,NSE
Kajaria Ceramics Ltd.xlsx,67,21,31,32,2025-12-18 00:00:00,Buy,1,1077.3,1077.2,1084.94,1084.84,NSE,NSE
Kajaria Ceramics Ltd.xlsx,67,21,31,33,2025-12-18 00:00:00,Buy,1,1077.3,1077.1,1084.94,1084.74,NSE,NSE
Kajaria Ceramics Ltd.xlsx,67,21,32,33,2025-12-18 00:00:00,Buy,1,1077.2,1077.1,1084.84,1084.74,NSE,NSE
Kajaria Ceramics Ltd.xlsx,67,21,55,57,2025-01-30 00:00:00,Buy,1,1019.62,1019.42,1019.62,1019.42,NSE,NSE
Kajaria Ceramics Ltd.xlsx,67,21,55,58,2025-01-30 00:00:00,Buy,1,1019.62,1019.62,1019.62,1019.62,NSE,NSE
Kajaria Ceramics Ltd.xlsx,67,21,57,58,2025-01-30 00:00:00,Buy,1,1019.42,1019.62,1019.42,1019.62,NSE,NSE
Kajaria Ceramics Ltd.xlsx,67,21,63,64,2024-03-28 00:00:00,Buy,1,1155.21,1155.25,1155.21,1155.25,NSE,NSE
Kajaria Ceramics Ltd.xlsx,67,21,63,65,2024-03-28 00:00:00,Buy,1,1155.21,1155.25,1155.21,1155.25,NSE,NSE
Kajaria Ceramics Ltd.xlsx,67,21,64,65,2024-03-28 00:00:00,Buy,1,1155.25,1155.25,1155.25,1155.25,NSE,NSE
LG Electronics India.xlsx,9,0
Larsen and Toubro Ltd.xlsx,153,13,24,25,2025-11-13 00:00:00,Buy,1,3994.75,3993.9,4023.08,4022.23,BSE,BSE
Larsen and Toubro Ltd.xlsx,153,13,30,37,2025-10-20 00:00:00,Buy,3,3869.15,3896.61,11689.83,,BSE,BSE
Larsen and Toubro Ltd.xlsx,153,13,31,32,2025-10-17 00:00:00,Buy,1,3856.9,3856.9,3884.25,3884.25,NSE,NSE
Larsen and Toubro Ltd.xlsx,153,13,31,33,2025-10-17 00:00:00,Buy,1,3856.9,3856.9,3884.25,3884.25,NSE,NSE
Larsen and Toubro Ltd.xlsx,153,13,32,33,2025-10-17 00:00:00,Buy,1,3856.9,3856.9,3884.25,3884.25,NSE,NSE
Larsen and Toubro Ltd.xlsx,153,13,34,39,2025-09-24 00:00:00,Buy,3,3674.5,3700.56,11101.67,,BSE,BSE
Larsen and Toubro Ltd.xlsx,153,13,35,40,2025-09-03 00:00:00,Buy,2,3582.95,3608.37,7216.74,7216.74,BSE,BSE
Larsen and Toubro Ltd.xlsx,153,13,36,41,2025-09-01 00:00:00,Buy,3,3599.85,3625.29,10875.86,10875.86,BSE,BSE
Larsen and Toubro Ltd.xlsx,153,13,53,54,2025-02-17 00:00:00,Buy,1,3222.13,3222.13,3222.13,3222.13,NSE,NSE
Larsen and Toubro Ltd.xlsx,153,13,109,110,2020-01-08 00:00:00,Buy,5,1294.546,1294.546,6516.87,6516.87,NSE,NSE
Larsen and Toubro Ltd.xlsx,153,13,116,117,2020-01-01 00:00:00,Buy,1,1309.44,1309.44,1318.633,1318.635,NSE,NSE
Larsen and Toubro Ltd.xlsx,153,13,116,118,2020-01-01 00:00:00,Buy,1,1309.44,1309.44,1318.633,1318.635,NSE,NSE
Larsen and Toubro Ltd.xlsx,153,13,117,118,2020-01-01 00:00:00,Buy,1,1309.44,1309.44,1318.635,1318.635,NSE,NSE
Majesco Ltd.xlsx,18,0
Manuppuram Finance Ltd.xlsx,2,0
Nippon Silver.xlsx,9,0
ONGC.xlsx,28,16,15,17,2025-10-23 00:00:00,Buy,1,249.8,249.8,251.57,251.57,NSE,NSE
ONGC.xlsx,28,16,15,18,2025-10-23 00:00:00,Buy,1,249.8,249.8,251.57,251.57,NSE,NSE
ONGC.xlsx,28,16,15,19,2025-10-23 00:00:00,Buy,1,249.8,249.8,251.57,251.57,NSE,NSE
ONGC.xlsx,28,16,15,20,2025-10-23 00:00:00,Buy,1,249.8,249.8,251.57,251.57,NSE,NSE
ONGC.xlsx,28,16,15,21,2025-10-23 00:00:00,Buy,1,249.8,249.8,251.57,251.57,NSE,NSE
ONGC.xlsx,28,16,17,18,2025-10-23 00:00:00,Buy,1,249.8,249.8,251.57,251.57,NSE,NSE
ONGC.xlsx,28,16,17,19,2025-10-23 00:00:00,Buy,1,249.8,249.8,251.57,251.57,NSE,NSE
ONGC.xlsx,28,16,17,20,2025-10-23 00:00:00,Buy,1,249.8,249.8,251.57,251.57,NSE,NSE
ONGC.xlsx,28,16,17,21,2025-10-23 00:00:00,Buy,1,249.8,249.8,251.57,251.57,NSE,NSE
ONGC.xlsx,28,16,18,19,2025-10-23 00:00:00,Buy,1,249.8,249.8,251.57,251.57,NSE,NSE
ONGC.xlsx,28,16,18,20,2025-10-23 00:00:00,Buy,1,249.8,249.8,251.57,251.57,NSE,NSE
ONGC.xlsx,28,16,18,21,2025-10-23 00:00:00,Buy,1,249.8,249.8,251.57,251.57,NSE,NSE
ONGC.xlsx,28,16,19,20,2025-10-23 00:00:00,Buy,1,249.8,249.8,251.57,251.57,NSE,NSE
ONGC.xlsx,28,16,19,21,2025-10-23 00:00:00,Buy,1,249.8,249.8,251.57,251.57,NSE,NSE
ONGC.xlsx,28,16,20,21,2025-10-23 00:00:00,Buy,1,249.8,249.8,251.57,251.57,NSE,NSE
ONGC.xlsx,28,16,24,26,2025-10-20 00:00:00,Buy,50,246.1,247.85,12392.29,,BSE,BSE
Oil India Ltd.xlsx,20,4,10,11,2025-10-23 00:00:00,Buy,10,413.9,413.9,4168.32,4168.32,NSE,NSE
Oil India Ltd.xlsx,20,4,12,15,2025-10-20 00:00:00,Buy,20,407.6,410.49,8209.81,,NSE,NSE
Oil India Ltd.xlsx,20,4,13,16,2025-10-17 00:00:00,Buy,10,410.7,413.61,4136.11,,BSE,NSE
Oil India Ltd.xlsx,20,4,14,17,2025-09-24 00:00:00,Buy,20,405,407.88,8157.56,,BSE,NSE
PI Industries Ltd.xlsx,30,4,18,19,2025-10-29 00:00:00,Buy,1,3593.2,3598.1,3618.66,3623.58,NSE,NSE
PI Industries Ltd.xlsx,30,4,23,27,2025-10-20 00:00:00,Buy,2,3582.8,3608.18,7216.37,,NSE,BSE
PI Industries Ltd.xlsx,30,4,24,28,2025-10-17 00:00:00,Buy,2,3539.5,3564.62,7129.24,,BSE,BSE
PI Industries Ltd.xlsx,30,4,25,29,2025-09-03 00:00:00,Buy,2,3750.95,3777.58,7555.16,7555.16,BSE,BSE
PNC Infratech Ltd.xlsx,5,0
Priti International Ltd.xlsx,16,1,10,11,2023-12-22 00:00:00,Sell,50.0,235.55,235.5,11777.42,11774.92,NSE,NSE
Rail Vikas Nigam.xlsx,47,86,26,48,2025-10-20 00:00:00,Buy,40,330.7,333.04,13321.59,,NSE,NSE
Rail Vikas Nigam.xlsx,47,86,27,28,2025-10-17 00:00:00,Buy,1,333.55,333.55,335.91,335.91,NSE,NSE
Rail Vikas Nigam.xlsx,47,86,27,34,2025-10-17 00:00:00,Buy,1,333.55,333.55,335.91,335.91,NSE,NSE
Rail Vikas Nigam.xlsx,47,86,27,36,2025-10-17 00:00:00,Buy,1,333.55,333.55,335.91,335.91,NSE,NSE
Rail Vikas Nigam.xlsx,47,86,27,37,2025-10-17 00:00:00,Buy,1,333.55,333.55,335.91,335.91,NSE,NSE
Rail Vikas Nigam.xlsx,47,86,27,39,2025-10-17 00:00:00,Buy,1,333.55,333.55,335.91,335.91,NSE,NSE
Rail Vikas Nigam.xlsx,47,86,27,44,2025-10-17 00:00:00,Buy,1,333.55,333.55,335.91,335.91,NSE,NSE
Rail Vikas Nigam.xlsx,47,86,27,45,2025-10-17 00:00:00,Buy,1,333.55,333.55,335.91,335.91,NSE,NSE
Rail Vikas Nigam.xlsx,47,86,28,34,2025-10-17 00:00:00,Buy,1,333.55,333.55,335.91,335.91,NSE,NSE
Rail Vikas Nigam.xlsx,47,86,28,36,2025-10-17 00:00:00,Buy,1,333.55,333.55,335.91,335.91,NSE,NSE
Rail Vikas Nigam.xlsx,47,86,28,37,2025-10-17 00:00:00,Buy,1,333.55,333.55,335.91,335.91,NSE,NSE
Rail Vikas Nigam.xlsx,47,86,28,39,2025-10-17 00:00:00,Buy,1,333.55,333.55,335.91,335.91,NSE,NSE
Rail Vikas Nigam.xlsx,47,86,28,44,2025-10-17 00:00:00,Buy,1,333.55,333.55,335.91,335.91,NSE,NSE
Rail Vikas Nigam.xlsx,47,86,28,45,2025-10-17 00:00:00,Buy,1,333.55,333.55,335.91,335.91,NSE,NSE
Rail Vikas Nigam.xlsx,47,86,29,30,2025-10-17 00:00:00,Buy,2,333.55,333.55,671.83,671.83,NSE,NSE
Rail Vikas Nigam.xlsx,47,86,29,31,2025-10-17 00:00:00,Buy,2,333.55,333.55,671.83,671.83,NSE,NSE
Rail Vikas Nigam.xlsx,47,86,29,32,2025-10-17 00:00:00,Buy,2,333.55,333.55,671.83,671.83,NSE,NSE
Rail Vikas Nigam.xlsx,47,86,29,33,2025-10-17 00:00:00,Buy,2,333.55,333.55,671.83,671.83,NSE,NSE
Rail Vikas Nigam.xlsx,47,86,29,35,2025-10-17 00:00:00,Buy,2,333.55,333.55,671.83,671.83,NSE,NSE
Rail Vikas Nigam.xlsx,47,86,29,38,2025-10-17 00:00:00,Buy,2,333.55,333.55,671.83,671.83,NSE,NSE
Rail Vikas Nigam.xlsx,47,86,29,40,2025-10-17 00:00:00,Buy,2,333.55,333.55,671.83,671.83,NSE,NSE
Rail Vikas Nigam.xlsx,47,86,29,41,2025-10-17 00:00:00,Buy,2,333.55,333.55,671.83,671.83,NSE,NSE
Rail Vikas Nigam.xlsx,47,86,29,42,2025-10-17 00:00:00,Buy,2,333.55,333.55,671.83,671.83,NSE,NSE
Rail Vikas Nigam.xlsx,47,86,29,43,2025-10-17 00:00:00,Buy,2,333.55,333.55,671.83,671.83,NSE,NSE
Rail Vikas Nigam.xlsx,47,86,30,31,2025-10-17 00:00:00,Buy,2,333.55,333.55,671.83,671.83,NSE,NSE
Rail Vikas Nigam.xlsx,47,86,30,32,2025-10-17 00:00:00,Buy,2,333.55,333.55,671.83,671.83,NSE,NSE
Rail Vikas Nigam.xlsx,47,86,30,33,2025-10-17 00:00:00,Buy,2,333.55,333.55,671.83,671.83,NSE,NSE
Rail Vikas Nigam.xlsx,47,86,30,35,2025-10-17 00:00:00,Buy,2,333.55,333.55,671.83,671.83,NSE,NSE
Rail Vikas Nigam.xlsx,47,86,30,38,2025-10-17 00:00:00,Buy,2,333.55,333.55,671.83,671.83,NSE,NSE
Rail Vikas Nigam.xlsx,47,86,30,40,2025-10-17 00:00:00,Buy,2,333.55,333.55,671.83,671.83,NSE,NSE
Rail Vikas Nigam.xlsx,47,86,30,41,2025-10-17 00:00:00,Buy,2,333.55,333.55,671.83,671.83,NSE,NSE
Rail Vikas Nigam.xlsx,47,86,30,42,2025-10-17 00:00:00,Buy,2,333.55,333.55,671.83,671.83,NSE,NSE
Rail Vikas Nigam.xlsx,47,86,30,43,2025-10-17 00:00:00,Buy,2,333.55,333.55,671.83,671.83,NSE,NSE
Rail Vikas Nigam.xlsx,47,86,31,32,2025-10-17 00:00:00,Buy,2,333.55,333.55,671.83,671.83,NSE,NSE
Rail Vikas Nigam.xlsx,47,86,31,33,2025-10-17 00:00:00,Buy,2,333.55,333.55,671.83,671.83,NSE,NSE
Rail Vikas Nigam.xlsx,47,86,31,35,2025-10-17 00:00:00,Buy,2,333.55,333.55,671.83,671.83,NSE,NSE
Rail Vikas Nigam.xlsx,47,86,31,38,2025-10-17 00:00:00,Buy,2,333.55,333.55,671.83,671.83,NSE,NSE
Rail Vikas Nigam.xlsx,47,86,31,40,2025-10-17 00:00:00,Buy,2,333.55,333.55,671.83,671.83,NSE,NSE
Rail Vikas Nigam.xlsx,47,86,31,41,2025-10-17 00:00:00,Buy,2,333.55,333.55,671.83,671.83,NSE,NSE
Rail Vikas Nigam.xlsx,47,86,31,42,2025-10-17 00:00:00,Buy,2,333.55,333.55,671.83,671.83,NSE,NSE
Rail Vikas Nigam.xlsx,47,86,31,43,2025-10-17 00:00:00,Buy,2,333.55,333.55,671.83,671.83,NSE,NSE
Rail Vikas Nigam.xlsx,47,86,32,33,2025-10-17 00:00:00,Buy,2,333.55,333.55,671.83,671.83,NSE,NSE
Rail Vikas Nigam.xlsx,47,86,32,35,2025-10-17 00:00:00,Buy,2,333.55,333.55,671.83,671.83,NSE,NSE
Rail Vikas Nigam.xlsx,47,86,32,38,2025-10-17 00:00:00,Buy,2,333.55,333.55,671.83,671.83,NSE,NSE
Rail Vikas Nigam.xlsx,47,86,32,40,2025-10-17 00:00:00,Buy,2,333.55,333.55,671.83,671.83,NSE,NSE
Rail Vikas Nigam.xlsx,47,86,32,41,2025-10-17 00:00:00,Buy,2,333.55,333.55,671.83,671.83,NSE,NSE
Rail Vikas Nigam.xlsx,47,86,32,42,2025-10-17 00:00:00,Buy,2,333.55,333.55,671.83,671.83,NSE,NSE
Rail Vikas Nigam.xlsx,47,86,32,43,2025-10-17 00:00:00,Buy,2,333.55,333.55,671.83,671.83,NSE,NSE
Rail Vikas Nigam.xlsx,47,86,33,35,2025-10-17 00:00:00,Buy,2,333.55,333.55,671.83,671.83,NSE,NSE
Rail Vikas Nigam.xlsx,47,86,33,38,2025-10-17 00:00:00,Buy,2,333.55,333.55,671.83,671.83,NSE,NSE
Rail Vikas Nigam.xlsx,47,86,33,40,2025-10-17 00:00:00,Buy,2,333.55,333.55,671.83,671.83,NSE,NSE
Rail Vikas Nigam.xlsx,47,86,33,41,2025-10-17 00:00:00,Buy,2,333.55,333.55,671.83,671.83,NSE,NSE
Rail Vikas Nigam.xlsx,47,86,33,42,2025-10-17 00:00:00,Buy,2,333.55,333.55,671.83,671.83,NSE,NSE
Rail Vikas Nigam.xlsx,47,86,33,43,2025-10-17 00:00:00,Buy,2,333.55,333.55,671.83,671.83,NSE,NSE
Rail Vikas Nigam.xlsx,47,86,34,36,2025-10-17 00:00:00,Buy,1,333.55,333.55,335.91,335.91,NSE,NSE
Rail Vikas Nigam.xlsx,47,86,34,37,2025-10-17 00:00:00,Buy,1,333.55,333.55,335.91,335.91,NSE,NSE
Rail Vikas Nigam.xlsx,47,86,34,39,2025-10-17 00:00:00,Buy,1,333.55,333.55,335.91,335.91,NSE,NSE
Rail Vikas Nigam.xlsx,47,86,34,44,2025-10-17 00:00:00,Buy,1,333.55,333.55,335.91,335.91,NSE,NSE
Rail Vikas Nigam.xlsx,47,86,34,45,2025-10-17 00:00:00,Buy,1,333.55,333.55,335.91,335.91,NSE,NSE
Rail Vikas Nigam.xlsx,47,86,35,38,2025-10-17 00:00:00,Buy,2,333.55,333.55,671.83,671.83,NSE,NSE
Rail Vikas Nigam.xlsx,47,86,35,40,2025-10-17 00:00:00,Buy,2,333.55,333.55,671.83,671.83,NSE,NSE
Rail Vikas Nigam.xlsx,47,86,35,41,2025-10-17 00:00:00,Buy,2,333.55,333.55,671.83,671.83,NSE,NSE
Rail Vikas Nigam.xlsx,47,86,35,42,2025-10-17 00:00:00,Buy,2,333.55,333.55,671.83,671.83,NSE,NSE
Rail Vikas Nigam.xlsx,47,86,35,43,2025-10-17 00:00:00,Buy,2,333.55,333.55,671.83,671.83,NSE,NSE
Rail Vikas Nigam.xlsx,47,86,36,37,2025-10-17 00:00:00,Buy,1,333.55,333.55,335.91,335.91,NSE,NSE
Rail Vikas Nigam.xlsx,47,86,36,39,2025-10-17 00:00:00,Buy,1,333.55,333.55,335.91,335.91,NSE,NSE
Rail Vikas Nigam.xlsx,47,86,36,44,2025-10-17 00:00:00,Buy,1,333.55,333.55,335.91,335.91,NSE,NSE
Rail Vikas Nigam.xlsx,47,86,36,45,2025-10-17 00:00:00,Buy,1,333.55,333.55,335.91,335.91,NSE,NSE
Rail Vikas Nigam.xlsx,47,86,37,39,2025-10-17 00:00:00,Buy,1,333.55,333.55,335.91,335.91,NSE,NSE
Rail Vikas Nigam.xlsx,47,86,37,44,2025-10-17 00:00:00,Buy,1,333.55,333.55,335.91,335.91,NSE,NSE
Rail Vikas Nigam.xlsx,47,86,37,45,2025-10-17 00:00:00,Buy,1,333.55,333.55,335.91,335.91,NSE,NSE
Rail Vikas Nigam.xlsx,47,86,38,40,2025-10-17 00:00:00,Buy,2,333.55,333.55,671.83,671.83,NSE,NSE
Rail Vikas Nigam.xlsx,47,86,38,41,2025-10-17 00:00:00,Buy,2,333.55,333.55,671.83,671.83,NSE,NSE
Rail Vikas Nigam.xlsx,47,86,38,42,2025-10-17 00:00:00,Buy,2,333.55,333.55,671.83,671.83,NSE,NSE
Rail Vikas Nigam.xlsx,47,86,38,43,2025-10-17 00:00:00,Buy,2,333.55,333.55,671.83,671.83,NSE,NSE
Rail Vikas Nigam.xlsx,47,86,39,44,2025-10-17 00:00:00,Buy,1,333.55,333.55,335.91,335.91,NSE,NSE
Rail Vikas Nigam.xlsx,47,86,39,45,2025-10-17 00:00:00,Buy,1,333.55,333.55,335.91,335.91,NSE,NSE
Rail Vikas Nigam.xlsx,47,86,40,41,2025-10-17 00:00:00,Buy,2,333.55,333.55,671.83,671.83,NSE,NSE
Rail Vikas Nigam.xlsx,47,86,40,42,2025-10-17 00:00:00,Buy,2,333.55,333.55,671.83,671.83,NSE,NSE
Rail Vikas Nigam.xlsx,47,86,40,43,2025-10-17 00:00:00,Buy,2,333.55,333.55,671.83,671.83,NSE,NSE
Rail Vikas Nigam.xlsx,47,86,41,42,2025-10-17 00:00:00,Buy,2,333.55,333.55,671.83,671.83,NSE,NSE
Rail Vikas Nigam.xlsx,47,86,41,43,2025-10-17 00:00:00,Buy,2,333.55,333.55,671.83,671.83,NSE,NSE
Rail Vikas Nigam.xlsx,47,86,42,43,2025-10-17 00:00:00,Buy,2,333.55,333.55,671.83,671.83,NSE,NSE
Rail Vikas Nigam.xlsx,47,86,44,45,2025-10-17 00:00:00,Buy,1,333.55,333.55,335.91,335.91,NSE,NSE
Rail Vikas Nigam.xlsx,47,86,46,50,2025-10-13 00:00:00,Buy,10,339.1,341.5,3414.95,,BSE,NSE
Rail Vikas Nigam.xlsx,47,86,47,51,2025-10-10 00:00:00,Buy,20,345.05,347.5,6950.08,,NSE,NSE
Railtel Corporation of India Ltd.xlsx,55,3,21,22,2025-11-18 00:00:00,Buy,1,359.15,359.15,361.69,361.69,NSE,NSE
Railtel Corporation of India Ltd.xlsx,55,3,31,33,2025-10-20 00:00:00,Buy,20,366.25,368.85,7376.93,,BSE,NSE
Railtel Corporation of India Ltd.xlsx,55,3,32,34,2025-08-28 00:00:00,Buy,10,340.2,342.61,3426.12,3426.12,NSE,NSE
Rallis India Ltd.xlsx,181,101,9,10,2026-01-08 00:00:00,Buy,5,259.05,259.05,1304.46,1304.46,NSE,NSE
Rallis India Ltd.xlsx,181,101,25,27,2025-11-17 00:00:00,Buy,1,252.15,252.15,253.93,253.93,NSE,NSE
Rallis India Ltd.xlsx,181,101,48,49,2025-10-30 00:00:00,Buy,2,267.7,267.7,539.18,539.18,NSE,NSE
Rallis India Ltd.xlsx,181,101,54,60,2025-10-27 00:00:00,Buy,1,264.45,264.45,266.32,266.32,NSE,NSE
Rallis India Ltd.xlsx,181,101,54,64,2025-10-27 00:00:00,Buy,1,264.45,264.5,266.32,266.37,NSE,NSE
Rallis India Ltd.xlsx,181,101,54,65,2025-10-27 00:00:00,Buy,1,264.45,264.45,266.32,266.32,NSE,NSE
Rallis India Ltd.xlsx,181,101,57,58,2025-10-27 00:00:00,Buy,2,264.5,264.45,532.75,532.65,NSE,NSE
Rallis India Ltd.xlsx,181,101,57,59,2025-10-27 00:00:00,Buy,2,264.5,264.5,532.75,532.75,NSE,NSE
Rallis India Ltd.xlsx,181,101,58,59,2025-10-27 00:00:00,Buy,2,264.45,264.5,532.65,532.75,NSE,NSE
Rallis India Ltd.xlsx,181,101,60,64,2025-10-27 00:00:00,Buy,1,264.45,264.5,266.32,266.37,NSE,NSE
Rallis India Ltd.xlsx,181,101,60,65,2025-10-27 00:00:00,Buy,1,264.45,264.45,266.32,266.32,NSE,NSE
Rallis India Ltd.xlsx,181,101,64,65,2025-10-27 00:00:00,Buy,1,264.5,264.45,266.37,266.32,NSE,NSE
Rallis India Ltd.xlsx,181,101,68,76,2025-10-20 00:00:00,Buy,50,277.4,279.37,13968.6,,BSE,NSE
Rallis India Ltd.xlsx,181,101,69,77,2025-10-17 00:00:00,Buy,10,290.35,292.41,2924.07,,NSE,NSE
Rallis India Ltd.xlsx,181,101,70,78,2025-10-13 00:00:00,Buy,1,297.85,299.94,299.94,,NSE,NSE
Rallis India Ltd.xlsx,181,101,71,79,2025-10-13 00:00:00,Buy,9,297.85,299.95,2699.52,,NSE,NSE
Rallis India Ltd.xlsx,181,101,72,74,2025-10-09 00:00:00,Buy,2,299.6,299.6,603.47,603.46,NSE,NSE
Rallis India Ltd.xlsx,181,101,72,80,2025-10-09 00:00:00,Buy,2,299.6,301.74,603.47,,NSE,NSE
Rallis India Ltd.xlsx,181,101,72,82,2025-10-09 00:00:00,Buy,2,299.6,301.73,603.47,,NSE,NSE
Rallis India Ltd.xlsx,181,101,73,75,2025-10-09 00:00:00,Buy,8,299.6,299.6,2413.85,2413.85,NSE,NSE
Rallis India Ltd.xlsx,181,101,73,81,2025-10-09 00:00:00,Buy,8,299.6,301.73,2413.85,,NSE,NSE
Rallis India Ltd.xlsx,181,101,73,83,2025-10-09 00:00:00,Buy,8,299.6,301.73,2413.85,,NSE,NSE
Rallis India Ltd.xlsx,181,101,74,80,2025-10-09 00:00:00,Buy,2,299.6,301.74,603.46,,NSE,NSE
Rallis India Ltd.xlsx,181,101,74,82,2025-10-09 00:00:00,Buy,2,299.6,301.73,603.46,,NSE,NSE
Rallis India Ltd.xlsx,181,101,75,81,2025-10-09 00:00:00,Buy,8,299.6,301.73,2413.85,,NSE,NSE
Rallis India Ltd.xlsx,181,101,75,83,2025-10-09 00:00:00,Buy,8,299.6,301.73,2413.85,,NSE,NSE
Rallis India Ltd.xlsx,181,101,80,82,2025-10-09 00:00:00,Buy,2,301.74,301.73,,,NSE,NSE
Rallis India Ltd.xlsx,181,101,81,83,2025-10-09 00:00:00,Buy,8,301.73,301.73,,,NSE,NSE
Rallis India Ltd.xlsx,181,101,87,88,2025-03-17 00:00:00,Buy,2,208.84,208.84,,,NSE,NSE
Rallis India Ltd.xlsx,181,101,87,90,2025-03-17 00:00:00,Buy,2,208.84,208.84,,,NSE,NSE
Rallis India Ltd.xlsx,181,101,87,94,2025-03-17 00:00:00,Buy,2,208.84,208.84,,,NSE,NSE
Rallis India Ltd.xlsx,181,101,87,95,2025-03-17 00:00:00,Buy,2,208.84,208.84,,,NSE,NSE
Rallis India Ltd.xlsx,181,101,88,90,2025-03-17 00:00:00,Buy,2,208.84,208.84,,,NSE,NSE
Rallis India Ltd.xlsx,181,101,88,94,2025-03-17 00:00:00,Buy,2,208.84,208.84,,,NSE,NSE
Rallis India Ltd.xlsx,181,101,88,95,2025-03-17 00:00:00,Buy,2,208.84,208.84,,,NSE,NSE
Rallis India Ltd.xlsx,181,101,89,91,2025-03-17 00:00:00,Buy,5,208.84,208.84,,,NSE,NSE
Rallis India Ltd.xlsx,181,101,89,92,2025-03-17 00:00:00,Buy,5,208.84,208.84,,,NSE,NSE
Rallis India Ltd.xlsx,181,101,89,93,2025-03-17 00:00:00,Buy,5,208.84,208.84,,,NSE,NSE
Rallis India Ltd.xlsx,181,101,89,96,2025-03-17 00:00:00,Buy,5,208.84,208.84,,,NSE,NSE
Rallis India Ltd.xlsx,181,101,90,94,2025-03-17 00:00:00,Buy,2,208.84,208.84,,,NSE,NSE
Rallis India Ltd.xlsx,181,101,90,95,2025-03-17 00:00:00,Buy,2,208.84,208.84,,,NSE,NSE
Rallis India Ltd.xlsx,181,101,91,92,2025-03-17 00:00:00,Buy,5,208.84,208.84,,,NSE,NSE
Rallis India Ltd.xlsx,181,101,91,93,2025-03-17 00:00:00,Buy,5,208.84,208.84,,,NSE,NSE
Rallis India Ltd.xlsx,181,101,91,96,2025-03-17 00:00:00,Buy,5,208.84,208.84,,,NSE,NSE
Rallis India Ltd.xlsx,181,101,92,93,2025-03-17 00:00:00,Buy,5,208.84,208.84,,,NSE,NSE
Rallis India Ltd.xlsx,181,101,92,96,2025-03-17 00:00:00,Buy,5,208.84,208.84,,,NSE,NSE
Rallis India Ltd.xlsx,181,101,93,96,2025-03-17 00:00:00,Buy,5,208.84,208.84,,,NSE,NSE
Rallis India Ltd.xlsx,181,101,94,95,2025-03-17 00:00:00,Buy,2,208.84,208.84,,,NSE,NSE
Rallis India Ltd.xlsx,181,101,97,102,2025-03-06 00:00:00,Buy,2,222.24,222.25,444.48,444.5,NSE,NSE
Rallis India Ltd.xlsx,181,101,98,99,2025-03-06 00:00:00,Buy,1,222.27,222.26,222.27,222.26,NSE,NSE
Rallis India Ltd.xlsx,181,101,98,101,2025-03-06 00:00:00,Buy,1,222.27,222.33,222.27,222.33,NSE,NSE
Rallis India Ltd.xlsx,181,101,98,104,2025-03-06 00:00:00,Buy,1,222.27,222.25,222.27,222.25,NSE,NSE
Rallis India Ltd.xlsx,181,101,98,105,2025-03-06 00:00:00,Buy,1,222.27,222.3,222.27,222.3,NSE,NSE
Rallis India Ltd.xlsx,181,101,98,107,2025-03-06 00:00:00,Buy,1,222.27,222.29,222.27,222.29,NSE,NSE
Rallis India Ltd.xlsx,181,101,98,108,2025-03-06 00:00:00,Buy,1,222.27,222.29,222.27,222.29,NSE,NSE
Rallis India Ltd.xlsx,181,101,98,109,2025-03-06 00:00:00,Buy,1,222.27,222.29,222.27,222.29,NSE,NSE
Rallis India Ltd.xlsx,181,101,98,110,2025-03-06 00:00:00,Buy,1,222.27,222.29,222.27,222.29,NSE,NSE
Rallis India Ltd.xlsx,181,101,98,111,2025-03-06 00:00:00,Buy,1,222.27,222.34,222.27,222.34,NSE,NSE
Rallis India Ltd.xlsx,181,101,99,101,2025-03-06 00:00:00,Buy,1,222.26,222.33,222.26,222.33,NSE,NSE
Rallis India Ltd.xlsx,181,101,99,104,2025-03-06 00:00:00,Buy,1,222.26,222.25,222.26,222.25,NSE,NSE
Rallis India Ltd.xlsx,181,101,99,105,2025-03-06 00:00:00,Buy,1,222.26,222.3,222.26,222.3,NSE,NSE
Rallis India Ltd.xlsx,181,101,99,107,2025-03-06 00:00:00,Buy,1,222.26,222.29,222.26,222.29,NSE,NSE
Rallis India Ltd.xlsx,181,101,99,108,2025-03-06 00:00:00,Buy,1,222.26,222.29,222.26,222.29,NSE,NSE
Rallis India Ltd.xlsx,181,101,99,109,2025-03-06 00:00:00,Buy,1,222.26,222.29,222.26,222.29,NSE,NSE
Rallis India Ltd.xlsx,181,101,99,110,2025-03-06 00:00:00,Buy,1,222.26,222.29,222.26,222.29,NSE,NSE
Rallis India Ltd.xlsx,181,101,99,111,2025-03-06 00:00:00,Buy,1,222.26,222.34,222.26,222.34,NSE,NSE
Rallis India Ltd.xlsx,181,101,100,103,2025-03-06 00:00:00,Buy,8,222.29,222.33,1778.3,1778.62,NSE,NSE
Rallis India Ltd.xlsx,181,101,101,104,2025-03-06 00:00:00,Buy,1,222.33,222.25,222.33,222.25,NSE,NSE
Rallis India Ltd.xlsx,181,101,101,105,2025-03-06 00:00:00,Buy,1,222.33,222.3,222.33,222.3,NSE,NSE
Rallis India Ltd.xlsx,181,101,101,107,2025-03-06 00:00:00,Buy,1,222.33,222.29,222.33,222.29,NSE,NSE
Rallis India Ltd.xlsx,181,101,101,108,2025-03-06 00:00:00,Buy,1,222.33,222.29,222.33,222.29,NSE,NSE
Rallis India Ltd.xlsx,181,101,101,109,2025-03-06 00:00:00,Buy,1,222.33,222.29,222.33,222.29,NSE,NSE
Rallis India Ltd.xlsx,181,101,101,110,2025-03-06 00:00:00,Buy,1,222.33,222.29,222.33,222.29,NSE,NSE
Rallis India Ltd.xlsx,181,101,101,111,2025-03-06 00:00:00,Buy,1,222.33,222.34,222.33,222.34,NSE,NSE
Rallis India Ltd.xlsx,181,101,104,105,2025-03-06 00:00:00,Buy,1,222.25,222.3,222.25,222.3,NSE,NSE
Rallis India Ltd.xlsx,181,101,104,107,2025-03-06 00:00:00,Buy,1,222.25,222.29,222.25,222.29,NSE,NSE
Rallis India Ltd.xlsx,181,101,104,108,2025-03-06 00:00:00,Buy,1,222.25,222.29,222.25,222.29,NSE,NSE
Rallis India Ltd.xlsx,181,101,104,109,2025-03-06 00:00:00,Buy,1,222.25,222.29,222.25,222.29,NSE,NSE
Rallis India Ltd.xlsx,181,101,104,110,2025-03-06 00:00:00,Buy,1,222.25,222.29,222.25,222.29,NSE,NSE
Rallis India Ltd.xlsx,181,101,104,111,2025-03-06 00:00:00,Buy,1,222.25,222.34,222.25,222.34,NSE,NSE
Rallis India Ltd.xlsx,181,101,105,107,2025-03-06 00:00:00,Buy,1,222.3,222.29,222.3,222.29,NSE,NSE
Rallis India Ltd.xlsx,181,101,105,108,2025-03-06 00:00:00,Buy,1,222.3,222.29,222.3,222.29,NSE,NSE
Rallis India Ltd.xlsx,181,101,105,109,2025-03-06 00:00:00,Buy,1,222.3,222.29,222.3,222.29,NSE,NSE
Rallis India Ltd.xlsx,181,101,105,110,2025-03-06 00:00:00,Buy,1,222.3,222.29,222.3,222.29,NSE,NSE
Rallis India Ltd.xlsx,181,101,105,111,2025-03-06 00:00:00,Buy,1,222.3,222.34,222.3,222.34,NSE,NSE
Rallis India Ltd.xlsx,181,101,107,108,2025-03-06 00:00:00,Buy,1,222.29,222.29,222.29,222.29,NSE,NSE
Rallis India Ltd.xlsx,181,101,107,109,2025-03-06 00:00:00,Buy,1,222.29,222.29,222.29,222.29,NSE,NSE
Rallis India Ltd.xlsx,181,101,107,110,2025-03-06 00:00:00,Buy,1,222.29,222.29,222.29,222.29,NSE,NSE
Rallis India Ltd.xlsx,181,101,107,111,2025-03-06 00:00:00,Buy,1,222.29,222.34,222.29,222.34,NSE,NSE
Rallis India Ltd.xlsx,181,101,108,109,2025-03-06 00:00:00,Buy,1,222.29,222.29,222.29,222.29,NSE,NSE
Rallis India Ltd.xlsx,181,101,108,110,2025-03-06 00:00:00,Buy,1,222.29,222.29,222.29,222.29,NSE,NSE
Rallis India Ltd.xlsx,181,101,108,111,2025-03-06 00:00:00,Buy,1,222.29,222.34,222.29,222.34,NSE,NSE
Rallis India Ltd.xlsx,181,101,109,110,2025-03-06 00:00:00,Buy,1,222.29,222.29,222.29,222.29,NSE,NSE
Rallis India Ltd.xlsx,181,101,109,111,2025-03-06 00:00:00,Buy,1,222.29,222.34,222.29,222.34,NSE,NSE
Rallis India Ltd.xlsx,181,101,110,111,2025-03-06 00:00:00,Buy,1,222.29,222.34,222.29,222.34,NSE,NSE
Rallis India Ltd.xlsx,181,101,119,121,2025-02-11 00:00:00,Buy,2,230.28,230.34,460.56,460.68,NSE,NSE
Rallis India Ltd.xlsx,181,101,131,133,2024-03-01 00:00:00,Buy,2,250.46,250.46,500.91,500.91,NSE,NSE
Rallis India Ltd.xlsx,181,101,132,136,2024-03-01 00:00:00,Buy,20,250.36,250.36,5007.19,5007.19,NSE,NSE
Rallis India Ltd.xlsx,181,101,134,135,2024-03-01 00:00:00,Buy,3,250.41,250.36,751.22,751.07,NSE,NSE
Rallis India Ltd.xlsx,181,101,151,152,2022-11-25 00:00:00,Buy,2,241.7,241.65,483.4,483.3,NSE,NSE
Rallis India Ltd.xlsx,181,101,159,161,2022-05-11 00:00:00,Buy,6,204.89,204.84,1229.35,1229.05,NSE,NSE
Ramco Systems Ltd.xlsx,67,20,16,17,2022-09-23 00:00:00,Buy,1.0,279.0,279.0,520,520,NSE,NSE
Ramco Systems Ltd.xlsx,67,20,16,18,2022-09-23 00:00:00,Buy,1.0,279.0,279.0,520,520,NSE,NSE
Ramco Systems Ltd.xlsx,67,20,16,20,2022-09-23 00:00:00,Buy,1.0,279.0,279.0,520,520,NSE,NSE
Ramco Systems Ltd.xlsx,67,20,16,21,2022-09-23 00:00:00,Buy,1.0,279.0,278.95,520,520,NSE,NSE
Ramco Systems Ltd.xlsx,67,20,16,22,2022-09-23 00:00:00,Buy,1.0,279.0,279.0,520,520,NSE,NSE
Ramco Systems Ltd.xlsx,67,20,17,18,2022-09-23 00:00:00,Buy,1.0,279.0,279.0,520,520,NSE,NSE
Ramco Systems Ltd.xlsx,67,20,17,20,2022-09-23 00:00:00,Buy,1.0,279.0,279.0,520,520,NSE,NSE
Ramco Systems Ltd.xlsx,67,20,17,21,2022-09-23 00:00:00,Buy,1.0,279.0,278.95,520,520,NSE,NSE
Ramco Systems Ltd.xlsx,67,20,17,22,2022-09-23 00:00:00,Buy,1.0,279.0,279.0,520,520,NSE,NSE
Ramco Systems Ltd.xlsx,67,20,18,20,2022-09-23 00:00:00,Buy,1.0,279.0,279.0,520,520,NSE,NSE
Ramco Systems Ltd.xlsx,67,20,18,21,2022-09-23 00:00:00,Buy,1.0,279.0,278.95,520,520,NSE,NSE
Ramco Systems Ltd.xlsx,67,20,18,22,2022-09-23 00:00:00,Buy,1.0,279.0,279.0,520,520,NSE,NSE
Ramco Systems Ltd.xlsx,67,20,20,21,2022-09-23 00:00:00,Buy,1.0,279.0,278.95,520,520,NSE,NSE
Ramco Systems Ltd.xlsx,67,20,20,22,2022-09-23 00:00:00,Buy,1.0,279.0,279.0,520,520,NSE,NSE
Ramco Systems Ltd.xlsx,67,20,21,22,2022-09-23 00:00:00,Buy,1.0,278.95,279.0,520,520,NSE,NSE
Ramco Systems Ltd.xlsx,67,20,23,24,2022-05-11 00:00:00,Buy,1.0,258.85,258.75,520,520,NSE,NSE
Ramco Systems Ltd.xlsx,67,20,27,28,2022-03-09 00:00:00,Buy,5.0,310.004,310.004,520,520,NSE,NSE
Ramco Systems Ltd.xlsx,67,20,35,36,2021-08-10 00:00:00,Buy,10.0,497.85,497.898,520,520,BSE,BSE
Ramco Systems Ltd.xlsx,67,20,41,42,2021-07-22 00:00:00,Sell,10.0,629.343,629.343,520,520,NSE,NSE
Ramco Systems Ltd.xlsx,67,20,50,51,2021-05-07 00:00:00,Buy,7.0,510.747143,510.747143,520,520,NSE,NSE
Reliance Industries Ltd.xlsx,86,6,15,16,2026-01-05 00:00:00,Buy,1,1592.3,1592.45,1603.57,1603.75,NSE,BSE
Reliance Industries Ltd.xlsx,86,6,28,29,2025-10-29 00:00:00,Buy,1,1495.3,1495.3,1505.9,1505.9,NSE,NSE
Reliance Industries Ltd.xlsx,86,6,47,48,2025-01-30 00:00:00,Buy,4,1250.45,1250.6,5001.79,5002.4,NSE,NSE
Reliance Industries Ltd.xlsx,86,6,50,51,2024-03-27 00:00:00,Sell,10,2927.59,2929.33,29275.94,29293.31,NSE,NSE
Reliance Industries Ltd.xlsx,86,6,62,63,2023-09-15 00:00:00,Buy,2,2458.9,2458.905,4952.8,4952.81,NSE,NSE
Reliance Industries Ltd.xlsx,86,6,66,67,2023-09-11 00:00:00,Buy,1,2468.2,2468.2,2485.73,2485.73,NSE,NSE
Rites Ltd.xlsx,57,9,10,11,2025-12-11 00:00:00,Buy,10,224.95,225,2265.39,2266.03,NSE,BSE
Rites Ltd.xlsx,57,9,23,25,2025-10-27 00:00:00,Buy,1,245.88,245.88,247.63,247.63,NSE,NSE
Rites Ltd.xlsx,57,9,30,33,2025-10-20 00:00:00,Buy,20,247.05,248.81,4976.18,,BSE,BSE
Rites Ltd.xlsx,57,9,32,36,2025-08-28 00:00:00,Buy,10,246.85,248.6,2486,2486,BSE,BSE
Rites Ltd.xlsx,57,9,34,35,2025-09-17 00:00:00,Buy,10,2.65,2.65,,,DIV,DIV
Rites Ltd.xlsx,57,9,42,43,2025-02-17 00:00:00,Buy,13,202.73,202.73,2635.5,2635.5,NSE,NSE
Rites Ltd.xlsx,57,9,42,46,2025-02-17 00:00:00,Buy,13,202.73,202.73,2635.5,2635.5,NSE,NSE
Rites Ltd.xlsx,57,9,43,46,2025-02-17 00:00:00,Buy,13,202.73,202.73,2635.5,2635.5,NSE,NSE
Rites Ltd.xlsx,57,9,44,45,2025-02-17 00:00:00,Buy,3,202.73,202.73,608.18,608.18,NSE,NSE
SBI ETF Gold.xlsx,9,0
SBI Life Insurance Company Ltd.xlsx,33,7,12,14,2025-02-14 00:00:00,Buy,3.0,1464.7,1464.7,4394.1,4394.1,NSE,NSE
SBI Life Insurance Company Ltd.xlsx,33,7,12,15,2025-02-14 00:00:00,Buy,3.0,1464.7,1464.7,4394.1,4394.1,NSE,NSE
SBI Life Insurance Company Ltd.xlsx,33,7,14,15,2025-02-14 00:00:00,Buy,3.0,1464.7,1464.7,4394.1,4394.1,NSE,NSE
SBI Life Insurance Company Ltd.xlsx,33,7,28,29,2023-01-30 00:00:00,Buy,1.0,1228.0,1228.0,1236.28,1236.28,NSE,NSE
SBI Life Insurance Company Ltd.xlsx,33,7,31,32,2023-01-24 00:00:00,Buy,1.0,1295.75,1295.5,1304.91,1304.64,NSE,NSE
SBI Life Insurance Company Ltd.xlsx,33,7,34,35,2022-11-29 00:00:00,Buy,1.0,1265.5,1265.45,1274.51,1274.45,NSE,NSE
SBI Life Insurance Company Ltd.xlsx,33,7,36,37,2022-11-25 00:00:00,Buy,1.0,1246.0,1245.95,1254.83,1254.76,NSE,NSE
SBI.xlsx,106,3,7,9,2025-10-17 00:00:00,Buy,10,889.45,895.76,8957.65,,BSE,NSE
SBI.xlsx,106,3,8,10,2025-09-03 00:00:00,Buy,10,810.5,816.25,8162.46,8162.46,NSE,NSE
SBI.xlsx,106,3,41,42,2023-09-14 00:00:00,Buy,10,597.002,597.002,6012.38,6012.38,NSE,NSE
Sun TV Network Ltd.xlsx,13,0
Suzlon Energy.xlsx,11,0
Syngene International Ltd.xlsx,84,5,21,22,2025-11-13 00:00:00,Buy,1,669.9,669.9,674.64,674.64,NSE,NSE
Syngene International Ltd.xlsx,84,5,26,28,2025-10-27 00:00:00,Buy,1,661.6,661.6,666.29,666.29,NSE,NSE
Syngene International Ltd.xlsx,84,5,31,34,2025-10-20 00:00:00,Buy,10,644,648.57,6485.66,,NSE,BSE
Syngene International Ltd.xlsx,84,5,32,35,2025-10-17 00:00:00,Buy,10,636,640.51,6405.08,,NSE,BSE
Syngene International Ltd.xlsx,84,5,33,36,2025-08-28 00:00:00,Buy,5,641.2,645.76,3228.8,3228.8,BSE,BSE
TATA Capital.xlsx,9,0
TATA Power.xlsx,65,12,13,14,2025-12-24 00:00:00,Buy,5,382.25,382.25,1924.8,1924.79,BSE,NSE
TATA Power.xlsx,65,12,22,23,2025-10-31 00:00:00,Buy,1,407.5,407.5,410.38,410.38,NSE,NSE
TATA Power.xlsx,65,12,22,24,2025-10-31 00:00:00,Buy,1,407.5,407.5,410.38,410.38,NSE,NSE
TATA Power.xlsx,65,12,22,27,2025-10-31 00:00:00,Buy,1,407.5,407.5,410.38,410.38,NSE,NSE
TATA Power.xlsx,65,12,22,28,2025-10-31 00:00:00,Buy,1,407.5,407.5,410.38,410.38,NSE,NSE
TATA Power.xlsx,65,12,23,24,2025-10-31 00:00:00,Buy,1,407.5,407.5,410.38,410.38,NSE,NSE
TATA Power.xlsx,65,12,23,27,2025-10-31 00:00:00,Buy,1,407.5,407.5,410.38,410.38,NSE,NSE
TATA Power.xlsx,65,12,23,28,2025-10-31 00:00:00,Buy,1,407.5,407.5,410.38,410.38,NSE,NSE
TATA Power.xlsx,65,12,24,27,2025-10-31 00:00:00,Buy,1,407.5,407.5,410.38,410.38,NSE,NSE
TATA Power.xlsx,65,12,24,28,2025-10-31 00:00:00,Buy,1,407.5,407.5,410.38,410.38,NSE,NSE
TATA Power.xlsx,65,12,27,28,2025-10-31 00:00:00,Buy,1,407.5,407.5,410.38,410.38,NSE,NSE
TATA Power.xlsx,65,12,29,30,2025-10-17 00:00:00,Buy,10,396,398.81,3988.06,,NSE,BSE
Tata Chemicals.xlsx,36,0
Tata Motors Ltd.xlsx,16,2,11,13,2025-10-20 00:00:00,Buy,10,398.75,401.57,4015.72,,NSE,NSE
Tata Motors Ltd.xlsx,16,2,12,14,2025-10-17 00:00:00,Buy,20,397.8,400.62,8012.41,,NSE,NSE
Tata Steel Ltd.xlsx,19,0
Tata Technologies Ltd.xlsx,37,4,28,32,2025-10-20 00:00:00,Buy,10,680.7,685.52,6855.21,,NSE,BSE
Tata Technologies Ltd.xlsx,37,4,29,33,2025-10-17 00:00:00,Buy,4,690.15,695.53,2780.17,,BSE,BSE
Tata Technologies Ltd.xlsx,37,4,30,34,2025-09-24 00:00:00,Buy,4,690.65,695.53,2782.14,,NSE,BSE
Tata Technologies Ltd.xlsx,37,4,31,35,2025-08-28 00:00:00,Buy,2,673.2,677.99,1355.98,1355.98,BSE,BSE
Trent.xlsx,29,4,23,26,2025-10-20 00:00:00,Buy,2,4802.05,4836.11,9672.23,,BSE,BSE
Trent.xlsx,29,4,24,27,2025-10-17 00:00:00,Buy,2,4810.75,4844.88,9689.76,,BSE,BSE
Trent.xlsx,29,4,25,28,2025-09-03 00:00:00,Buy,2,5386.5,5424.73,10849.47,10849.47,BSE,BSE
Trent.xlsx,29,4,32,33,2025-06-03 00:00:00,Buy,1,5655.83,5655.83,5655.83,5655.83,NSE,NSE
Union Bank of India Ltd.xlsx,9,0
Va Tech Wabag Ltd.xlsx,57,4,29,30,2025-11-13 00:00:00,Buy,1,1407.3,1407.3,1417.26,1417.26,NSE,NSE
Va Tech Wabag Ltd.xlsx,57,4,37,38,2025-10-27 00:00:00,Buy,1,1402.8,1402.7,1412.74,1412.63,NSE,NSE
Va Tech Wabag Ltd.xlsx,57,4,40,43,2025-10-20 00:00:00,Buy,5,1403.05,1413.01,7065.05,,BSE,NSE
Va Tech Wabag Ltd.xlsx,57,4,48,49,2025-02-28 00:00:00,Buy,1,1296.01,1296.01,1296.01,1296.01,NSE,NSE
Vikas Lifecare Ltd.xlsx,ERROR,No 'Trading History' sheet found
Wipro Ltd.xlsx,13,0
